============================================
Execucao iniciada em 07/08/2026 11:33:31
[07/08/2026, 11:33:32] Iniciando sync-movidesk.js (modo: incremental)
🔍 Incremental sync desde: 2026-08-07T14:56:30Z
Filtro Movidesk: baseStatus ne 'Resolved' and baseStatus ne 'Closed' and baseStatus ne 'Canceled' and ((ownerTeam eq 'VIASOFT - Sistemas Internos')) and customFieldValues/any(cfv: cfv/customFieldId eq 23946 and cfv/items/any(i: i/customFieldItem eq 'Suporte Técnico')) and lastUpdate gt 2026-08-07T14:56:30Z
Movidesk URL [/ | skip=0]: https://api.movidesk.com/public/v1/tickets?token=7cfc09fb-51fb-4708-b2dc-2b4a4535674e&$select=id%2Csubject%2Cstatus%2CbaseStatus%2CcreatedDate%2ClastActionDate%2ClastUpdate%2CserviceFirstLevelId%2CserviceFirstLevel%2CserviceSecondLevel%2CslaAgreement%2CslaAgreementRule%2CslaSolutionTime%2CslaResponseTime%2CslaSolutionDate%2CslaSolutionDateIsPaused%2CslaResponseDate%2CslaRealResponseDate%2Cjustification%2CownerTeam&$filter=baseStatus ne 'Resolved' and baseStatus ne 'Closed' and baseStatus ne 'Canceled' and ((ownerTeam eq 'VIASOFT - Sistemas Internos')) and customFieldValues/any(cfv: cfv/customFieldId eq 23946 and cfv/items/any(i: i/customFieldItem eq 'Suporte Técnico')) and lastUpdate gt 2026-08-07T14:56:30Z&$expand=owner%2Cactions(%24select%3Did%2Ctype%2Corigin%2Cstatus%2CcreatedDate%2Cdescription%3B%24expand%3DcreatedBy)%2CcustomFieldValues(%24expand%3Ditems)%2Cclients(%24expand%3Dorganization)&$orderby=createdDate asc&$top=100&$skip=0
Filtro Movidesk: baseStatus ne 'Resolved' and baseStatus ne 'Closed' and baseStatus ne 'Canceled' and ((ownerTeam eq 'VIASOFT - Sistemas Internos')) and customFieldValues/any(cfv: cfv/customFieldId eq 23946 and cfv/items/any(i: i/customFieldItem eq 'Suporte Técnico')) and (baseStatus eq 'New' or baseStatus eq 'InAttendance' or baseStatus eq 'Stopped')
Movidesk URL [/ | skip=0]: https://api.movidesk.com/public/v1/tickets?token=7cfc09fb-51fb-4708-b2dc-2b4a4535674e&$select=id%2Csubject%2Cstatus%2CbaseStatus%2CcreatedDate%2ClastActionDate%2ClastUpdate%2CserviceFirstLevelId%2CserviceFirstLevel%2CserviceSecondLevel%2CslaAgreement%2CslaAgreementRule%2CslaSolutionTime%2CslaResponseTime%2CslaSolutionDate%2CslaSolutionDateIsPaused%2CslaResponseDate%2CslaRealResponseDate%2Cjustification%2CownerTeam&$filter=baseStatus ne 'Resolved' and baseStatus ne 'Closed' and baseStatus ne 'Canceled' and ((ownerTeam eq 'VIASOFT - Sistemas Internos')) and customFieldValues/any(cfv: cfv/customFieldId eq 23946 and cfv/items/any(i: i/customFieldItem eq 'Suporte Técnico')) and (baseStatus eq 'New' or baseStatus eq 'InAttendance' or baseStatus eq 'Stopped')&$expand=owner%2Cactions(%24select%3Did%2Ctype%2Corigin%2Cstatus%2CcreatedDate%2Cdescription%3B%24expand%3DcreatedBy)%2CcustomFieldValues(%24expand%3Ditems)%2Cclients(%24expand%3Dorganization)&$orderby=createdDate asc&$top=100&$skip=0
[sync-movidesk] Sincronização incremental: 0 chamado(s) atualizados.
(node:14492) [DEP0169] DeprecationWarning: `url.parse()` behavior is not standardized and prone to errors that have security implications. Use the WHATWG URL API instead. CVEs are not issued for `url.parse()` vulnerabilities.
(Use `node --trace-deprecation ...` to show where the warning was created)
Execucao finalizada em 07/08/2026 11:34:20 (exit code 0)
============================================
Execucao iniciada em 07/08/2026 11:35:15
[07/08/2026, 11:35:16] Iniciando sync-movidesk.js (modo: incremental)
🔍 Incremental sync desde: 2026-08-07T14:56:30Z
Filtro Movidesk: baseStatus ne 'Resolved' and baseStatus ne 'Closed' and baseStatus ne 'Canceled' and ((ownerTeam eq 'VIASOFT - Sistemas Internos')) and customFieldValues/any(cfv: cfv/customFieldId eq 23946 and cfv/items/any(i: i/customFieldItem eq 'Suporte Técnico')) and lastUpdate gt 2026-08-07T14:56:30Z
Movidesk URL [/ | skip=0]: https://api.movidesk.com/public/v1/tickets?token=7cfc09fb-51fb-4708-b2dc-2b4a4535674e&$select=id%2Csubject%2Cstatus%2CbaseStatus%2CcreatedDate%2ClastActionDate%2ClastUpdate%2CserviceFirstLevelId%2CserviceFirstLevel%2CserviceSecondLevel%2CslaAgreement%2CslaAgreementRule%2CslaSolutionTime%2CslaResponseTime%2CslaSolutionDate%2CslaSolutionDateIsPaused%2CslaResponseDate%2CslaRealResponseDate%2Cjustification%2CownerTeam&$filter=baseStatus ne 'Resolved' and baseStatus ne 'Closed' and baseStatus ne 'Canceled' and ((ownerTeam eq 'VIASOFT - Sistemas Internos')) and customFieldValues/any(cfv: cfv/customFieldId eq 23946 and cfv/items/any(i: i/customFieldItem eq 'Suporte Técnico')) and lastUpdate gt 2026-08-07T14:56:30Z&$expand=owner%2Cactions(%24select%3Did%2Ctype%2Corigin%2Cstatus%2CcreatedDate%2Cdescription%3B%24expand%3DcreatedBy)%2CcustomFieldValues(%24expand%3Ditems)%2Cclients(%24expand%3Dorganization)&$orderby=createdDate asc&$top=100&$skip=0
Filtro Movidesk: baseStatus ne 'Resolved' and baseStatus ne 'Closed' and baseStatus ne 'Canceled' and ((ownerTeam eq 'VIASOFT - Sistemas Internos')) and customFieldValues/any(cfv: cfv/customFieldId eq 23946 and cfv/items/any(i: i/customFieldItem eq 'Suporte Técnico')) and (baseStatus eq 'New' or baseStatus eq 'InAttendance' or baseStatus eq 'Stopped')
Movidesk URL [/ | skip=0]: https://api.movidesk.com/public/v1/tickets?token=7cfc09fb-51fb-4708-b2dc-2b4a4535674e&$select=id%2Csubject%2Cstatus%2CbaseStatus%2CcreatedDate%2ClastActionDate%2ClastUpdate%2CserviceFirstLevelId%2CserviceFirstLevel%2CserviceSecondLevel%2CslaAgreement%2CslaAgreementRule%2CslaSolutionTime%2CslaResponseTime%2CslaSolutionDate%2CslaSolutionDateIsPaused%2CslaResponseDate%2CslaRealResponseDate%2Cjustification%2CownerTeam&$filter=baseStatus ne 'Resolved' and baseStatus ne 'Closed' and baseStatus ne 'Canceled' and ((ownerTeam eq 'VIASOFT - Sistemas Internos')) and customFieldValues/any(cfv: cfv/customFieldId eq 23946 and cfv/items/any(i: i/customFieldItem eq 'Suporte Técnico')) and (baseStatus eq 'New' or baseStatus eq 'InAttendance' or baseStatus eq 'Stopped')&$expand=owner%2Cactions(%24select%3Did%2Ctype%2Corigin%2Cstatus%2CcreatedDate%2Cdescription%3B%24expand%3DcreatedBy)%2CcustomFieldValues(%24expand%3Ditems)%2Cclients(%24expand%3Dorganization)&$orderby=createdDate asc&$top=100&$skip=0
[sync-movidesk] Sincronização incremental: 0 chamado(s) atualizados.
(node:16856) [DEP0169] DeprecationWarning: `url.parse()` behavior is not standardized and prone to errors that have security implications. Use the WHATWG URL API instead. CVEs are not issued for `url.parse()` vulnerabilities.
(Use `node --trace-deprecation ...` to show where the warning was created)
Execucao finalizada em 07/08/2026 11:35:55 (exit code 0)
============================================
Execucao iniciada em 07/08/2026 11:37:15
[07/08/2026, 11:37:16] Iniciando sync-movidesk.js (modo: incremental)
🔍 Incremental sync desde: 2026-08-07T14:56:30Z
Filtro Movidesk: baseStatus ne 'Resolved' and baseStatus ne 'Closed' and baseStatus ne 'Canceled' and ((ownerTeam eq 'VIASOFT - Sistemas Internos')) and customFieldValues/any(cfv: cfv/customFieldId eq 23946 and cfv/items/any(i: i/customFieldItem eq 'Suporte Técnico')) and lastUpdate gt 2026-08-07T14:56:30Z
Movidesk URL [/ | skip=0]: https://api.movidesk.com/public/v1/tickets?token=7cfc09fb-51fb-4708-b2dc-2b4a4535674e&$select=id%2Csubject%2Cstatus%2CbaseStatus%2CcreatedDate%2ClastActionDate%2ClastUpdate%2CserviceFirstLevelId%2CserviceFirstLevel%2CserviceSecondLevel%2CslaAgreement%2CslaAgreementRule%2CslaSolutionTime%2CslaResponseTime%2CslaSolutionDate%2CslaSolutionDateIsPaused%2CslaResponseDate%2CslaRealResponseDate%2Cjustification%2CownerTeam&$filter=baseStatus ne 'Resolved' and baseStatus ne 'Closed' and baseStatus ne 'Canceled' and ((ownerTeam eq 'VIASOFT - Sistemas Internos')) and customFieldValues/any(cfv: cfv/customFieldId eq 23946 and cfv/items/any(i: i/customFieldItem eq 'Suporte Técnico')) and lastUpdate gt 2026-08-07T14:56:30Z&$expand=owner%2Cactions(%24select%3Did%2Ctype%2Corigin%2Cstatus%2CcreatedDate%2Cdescription%3B%24expand%3DcreatedBy)%2CcustomFieldValues(%24expand%3Ditems)%2Cclients(%24expand%3Dorganization)&$orderby=createdDate asc&$top=100&$skip=0
Filtro Movidesk: baseStatus ne 'Resolved' and baseStatus ne 'Closed' and baseStatus ne 'Canceled' and ((ownerTeam eq 'VIASOFT - Sistemas Internos')) and customFieldValues/any(cfv: cfv/customFieldId eq 23946 and cfv/items/any(i: i/customFieldItem eq 'Suporte Técnico')) and (baseStatus eq 'New' or baseStatus eq 'InAttendance' or baseStatus eq 'Stopped')
Movidesk URL [/ | skip=0]: https://api.movidesk.com/public/v1/tickets?token=7cfc09fb-51fb-4708-b2dc-2b4a4535674e&$select=id%2Csubject%2Cstatus%2CbaseStatus%2CcreatedDate%2ClastActionDate%2ClastUpdate%2CserviceFirstLevelId%2CserviceFirstLevel%2CserviceSecondLevel%2CslaAgreement%2CslaAgreementRule%2CslaSolutionTime%2CslaResponseTime%2CslaSolutionDate%2CslaSolutionDateIsPaused%2CslaResponseDate%2CslaRealResponseDate%2Cjustification%2CownerTeam&$filter=baseStatus ne 'Resolved' and baseStatus ne 'Closed' and baseStatus ne 'Canceled' and ((ownerTeam eq 'VIASOFT - Sistemas Internos')) and customFieldValues/any(cfv: cfv/customFieldId eq 23946 and cfv/items/any(i: i/customFieldItem eq 'Suporte Técnico')) and (baseStatus eq 'New' or baseStatus eq 'InAttendance' or baseStatus eq 'Stopped')&$expand=owner%2Cactions(%24select%3Did%2Ctype%2Corigin%2Cstatus%2CcreatedDate%2Cdescription%3B%24expand%3DcreatedBy)%2CcustomFieldValues(%24expand%3Ditems)%2Cclients(%24expand%3Dorganization)&$orderby=createdDate asc&$top=100&$skip=0
[sync-movidesk] Sincronização incremental: 0 chamado(s) atualizados.
(node:5848) [DEP0169] DeprecationWarning: `url.parse()` behavior is not standardized and prone to errors that have security implications. Use the WHATWG URL API instead. CVEs are not issued for `url.parse()` vulnerabilities.
(Use `node --trace-deprecation ...` to show where the warning was created)
Execucao finalizada em 07/08/2026 11:38:00 (exit code 0)
============================================
Execucao iniciada em 07/08/2026 11:39:15
[07/08/2026, 11:39:16] Iniciando sync-movidesk.js (modo: incremental)
🔍 Incremental sync desde: 2026-08-07T14:56:30Z
Filtro Movidesk: baseStatus ne 'Resolved' and baseStatus ne 'Closed' and baseStatus ne 'Canceled' and ((ownerTeam eq 'VIASOFT - Sistemas Internos')) and customFieldValues/any(cfv: cfv/customFieldId eq 23946 and cfv/items/any(i: i/customFieldItem eq 'Suporte Técnico')) and lastUpdate gt 2026-08-07T14:56:30Z
Movidesk URL [/ | skip=0]: https://api.movidesk.com/public/v1/tickets?token=7cfc09fb-51fb-4708-b2dc-2b4a4535674e&$select=id%2Csubject%2Cstatus%2CbaseStatus%2CcreatedDate%2ClastActionDate%2ClastUpdate%2CserviceFirstLevelId%2CserviceFirstLevel%2CserviceSecondLevel%2CslaAgreement%2CslaAgreementRule%2CslaSolutionTime%2CslaResponseTime%2CslaSolutionDate%2CslaSolutionDateIsPaused%2CslaResponseDate%2CslaRealResponseDate%2Cjustification%2CownerTeam&$filter=baseStatus ne 'Resolved' and baseStatus ne 'Closed' and baseStatus ne 'Canceled' and ((ownerTeam eq 'VIASOFT - Sistemas Internos')) and customFieldValues/any(cfv: cfv/customFieldId eq 23946 and cfv/items/any(i: i/customFieldItem eq 'Suporte Técnico')) and lastUpdate gt 2026-08-07T14:56:30Z&$expand=owner%2Cactions(%24select%3Did%2Ctype%2Corigin%2Cstatus%2CcreatedDate%2Cdescription%3B%24expand%3DcreatedBy)%2CcustomFieldValues(%24expand%3Ditems)%2Cclients(%24expand%3Dorganization)&$orderby=createdDate asc&$top=100&$skip=0
Filtro Movidesk: baseStatus ne 'Resolved' and baseStatus ne 'Closed' and baseStatus ne 'Canceled' and ((ownerTeam eq 'VIASOFT - Sistemas Internos')) and customFieldValues/any(cfv: cfv/customFieldId eq 23946 and cfv/items/any(i: i/customFieldItem eq 'Suporte Técnico')) and (baseStatus eq 'New' or baseStatus eq 'InAttendance' or baseStatus eq 'Stopped')
Movidesk URL [/ | skip=0]: https://api.movidesk.com/public/v1/tickets?token=7cfc09fb-51fb-4708-b2dc-2b4a4535674e&$select=id%2Csubject%2Cstatus%2CbaseStatus%2CcreatedDate%2ClastActionDate%2ClastUpdate%2CserviceFirstLevelId%2CserviceFirstLevel%2CserviceSecondLevel%2CslaAgreement%2CslaAgreementRule%2CslaSolutionTime%2CslaResponseTime%2CslaSolutionDate%2CslaSolutionDateIsPaused%2CslaResponseDate%2CslaRealResponseDate%2Cjustification%2CownerTeam&$filter=baseStatus ne 'Resolved' and baseStatus ne 'Closed' and baseStatus ne 'Canceled' and ((ownerTeam eq 'VIASOFT - Sistemas Internos')) and customFieldValues/any(cfv: cfv/customFieldId eq 23946 and cfv/items/any(i: i/customFieldItem eq 'Suporte Técnico')) and (baseStatus eq 'New' or baseStatus eq 'InAttendance' or baseStatus eq 'Stopped')&$expand=owner%2Cactions(%24select%3Did%2Ctype%2Corigin%2Cstatus%2CcreatedDate%2Cdescription%3B%24expand%3DcreatedBy)%2CcustomFieldValues(%24expand%3Ditems)%2Cclients(%24expand%3Dorganization)&$orderby=createdDate asc&$top=100&$skip=0
[sync-movidesk] Sincronização incremental: 0 chamado(s) atualizados.
(node:22248) [DEP0169] DeprecationWarning: `url.parse()` behavior is not standardized and prone to errors that have security implications. Use the WHATWG URL API instead. CVEs are not issued for `url.parse()` vulnerabilities.
(Use `node --trace-deprecation ...` to show where the warning was created)
Execucao finalizada em 07/08/2026 11:39:42 (exit code 0)
============================================
Execucao iniciada em 07/08/2026 11:41:15
[07/08/2026, 11:41:16] Iniciando sync-movidesk.js (modo: incremental)
🔍 Incremental sync desde: 2026-08-07T14:56:30Z
Filtro Movidesk: baseStatus ne 'Resolved' and baseStatus ne 'Closed' and baseStatus ne 'Canceled' and ((ownerTeam eq 'VIASOFT - Sistemas Internos')) and customFieldValues/any(cfv: cfv/customFieldId eq 23946 and cfv/items/any(i: i/customFieldItem eq 'Suporte Técnico')) and lastUpdate gt 2026-08-07T14:56:30Z
Movidesk URL [/ | skip=0]: https://api.movidesk.com/public/v1/tickets?token=7cfc09fb-51fb-4708-b2dc-2b4a4535674e&$select=id%2Csubject%2Cstatus%2CbaseStatus%2CcreatedDate%2ClastActionDate%2ClastUpdate%2CserviceFirstLevelId%2CserviceFirstLevel%2CserviceSecondLevel%2CslaAgreement%2CslaAgreementRule%2CslaSolutionTime%2CslaResponseTime%2CslaSolutionDate%2CslaSolutionDateIsPaused%2CslaResponseDate%2CslaRealResponseDate%2Cjustification%2CownerTeam&$filter=baseStatus ne 'Resolved' and baseStatus ne 'Closed' and baseStatus ne 'Canceled' and ((ownerTeam eq 'VIASOFT - Sistemas Internos')) and customFieldValues/any(cfv: cfv/customFieldId eq 23946 and cfv/items/any(i: i/customFieldItem eq 'Suporte Técnico')) and lastUpdate gt 2026-08-07T14:56:30Z&$expand=owner%2Cactions(%24select%3Did%2Ctype%2Corigin%2Cstatus%2CcreatedDate%2Cdescription%3B%24expand%3DcreatedBy)%2CcustomFieldValues(%24expand%3Ditems)%2Cclients(%24expand%3Dorganization)&$orderby=createdDate asc&$top=100&$skip=0
Filtro Movidesk: baseStatus ne 'Resolved' and baseStatus ne 'Closed' and baseStatus ne 'Canceled' and ((ownerTeam eq 'VIASOFT - Sistemas Internos')) and customFieldValues/any(cfv: cfv/customFieldId eq 23946 and cfv/items/any(i: i/customFieldItem eq 'Suporte Técnico')) and (baseStatus eq 'New' or baseStatus eq 'InAttendance' or baseStatus eq 'Stopped')
Movidesk URL [/ | skip=0]: https://api.movidesk.com/public/v1/tickets?token=7cfc09fb-51fb-4708-b2dc-2b4a4535674e&$select=id%2Csubject%2Cstatus%2CbaseStatus%2CcreatedDate%2ClastActionDate%2ClastUpdate%2CserviceFirstLevelId%2CserviceFirstLevel%2CserviceSecondLevel%2CslaAgreement%2CslaAgreementRule%2CslaSolutionTime%2CslaResponseTime%2CslaSolutionDate%2CslaSolutionDateIsPaused%2CslaResponseDate%2CslaRealResponseDate%2Cjustification%2CownerTeam&$filter=baseStatus ne 'Resolved' and baseStatus ne 'Closed' and baseStatus ne 'Canceled' and ((ownerTeam eq 'VIASOFT - Sistemas Internos')) and customFieldValues/any(cfv: cfv/customFieldId eq 23946 and cfv/items/any(i: i/customFieldItem eq 'Suporte Técnico')) and (baseStatus eq 'New' or baseStatus eq 'InAttendance' or baseStatus eq 'Stopped')&$expand=owner%2Cactions(%24select%3Did%2Ctype%2Corigin%2Cstatus%2CcreatedDate%2Cdescription%3B%24expand%3DcreatedBy)%2CcustomFieldValues(%24expand%3Ditems)%2Cclients(%24expand%3Dorganization)&$orderby=createdDate asc&$top=100&$skip=0
[sync-movidesk] Sincronização incremental: 0 chamado(s) atualizados.
(node:5340) [DEP0169] DeprecationWarning: `url.parse()` behavior is not standardized and prone to errors that have security implications. Use the WHATWG URL API instead. CVEs are not issued for `url.parse()` vulnerabilities.
(Use `node --trace-deprecation ...` to show where the warning was created)
Execucao finalizada em 07/08/2026 11:41:59 (exit code 0)
============================================
Execucao iniciada em 07/08/2026 11:43:15
[07/08/2026, 11:43:16] Iniciando sync-movidesk.js (modo: incremental)
🔍 Incremental sync desde: 2026-08-07T14:56:30Z
Filtro Movidesk: baseStatus ne 'Resolved' and baseStatus ne 'Closed' and baseStatus ne 'Canceled' and ((ownerTeam eq 'VIASOFT - Sistemas Internos')) and customFieldValues/any(cfv: cfv/customFieldId eq 23946 and cfv/items/any(i: i/customFieldItem eq 'Suporte Técnico')) and lastUpdate gt 2026-08-07T14:56:30Z
Movidesk URL [/ | skip=0]: https://api.movidesk.com/public/v1/tickets?token=7cfc09fb-51fb-4708-b2dc-2b4a4535674e&$select=id%2Csubject%2Cstatus%2CbaseStatus%2CcreatedDate%2ClastActionDate%2ClastUpdate%2CserviceFirstLevelId%2CserviceFirstLevel%2CserviceSecondLevel%2CslaAgreement%2CslaAgreementRule%2CslaSolutionTime%2CslaResponseTime%2CslaSolutionDate%2CslaSolutionDateIsPaused%2CslaResponseDate%2CslaRealResponseDate%2Cjustification%2CownerTeam&$filter=baseStatus ne 'Resolved' and baseStatus ne 'Closed' and baseStatus ne 'Canceled' and ((ownerTeam eq 'VIASOFT - Sistemas Internos')) and customFieldValues/any(cfv: cfv/customFieldId eq 23946 and cfv/items/any(i: i/customFieldItem eq 'Suporte Técnico')) and lastUpdate gt 2026-08-07T14:56:30Z&$expand=owner%2Cactions(%24select%3Did%2Ctype%2Corigin%2Cstatus%2CcreatedDate%2Cdescription%3B%24expand%3DcreatedBy)%2CcustomFieldValues(%24expand%3Ditems)%2Cclients(%24expand%3Dorganization)&$orderby=createdDate asc&$top=100&$skip=0
Filtro Movidesk: baseStatus ne 'Resolved' and baseStatus ne 'Closed' and baseStatus ne 'Canceled' and ((ownerTeam eq 'VIASOFT - Sistemas Internos')) and customFieldValues/any(cfv: cfv/customFieldId eq 23946 and cfv/items/any(i: i/customFieldItem eq 'Suporte Técnico')) and (baseStatus eq 'New' or baseStatus eq 'InAttendance' or baseStatus eq 'Stopped')
Movidesk URL [/ | skip=0]: https://api.movidesk.com/public/v1/tickets?token=7cfc09fb-51fb-4708-b2dc-2b4a4535674e&$select=id%2Csubject%2Cstatus%2CbaseStatus%2CcreatedDate%2ClastActionDate%2ClastUpdate%2CserviceFirstLevelId%2CserviceFirstLevel%2CserviceSecondLevel%2CslaAgreement%2CslaAgreementRule%2CslaSolutionTime%2CslaResponseTime%2CslaSolutionDate%2CslaSolutionDateIsPaused%2CslaResponseDate%2CslaRealResponseDate%2Cjustification%2CownerTeam&$filter=baseStatus ne 'Resolved' and baseStatus ne 'Closed' and baseStatus ne 'Canceled' and ((ownerTeam eq 'VIASOFT - Sistemas Internos')) and customFieldValues/any(cfv: cfv/customFieldId eq 23946 and cfv/items/any(i: i/customFieldItem eq 'Suporte Técnico')) and (baseStatus eq 'New' or baseStatus eq 'InAttendance' or baseStatus eq 'Stopped')&$expand=owner%2Cactions(%24select%3Did%2Ctype%2Corigin%2Cstatus%2CcreatedDate%2Cdescription%3B%24expand%3DcreatedBy)%2CcustomFieldValues(%24expand%3Ditems)%2Cclients(%24expand%3Dorganization)&$orderby=createdDate asc&$top=100&$skip=0
[sync-movidesk] Sincronização incremental: 0 chamado(s) atualizados.
(node:29708) [DEP0169] DeprecationWarning: `url.parse()` behavior is not standardized and prone to errors that have security implications. Use the WHATWG URL API instead. CVEs are not issued for `url.parse()` vulnerabilities.
(Use `node --trace-deprecation ...` to show where the warning was created)
Execucao finalizada em 07/08/2026 11:43:36 (exit code 0)
============================================
Execucao iniciada em 07/08/2026 11:45:15
[07/08/2026, 11:45:16] Iniciando sync-movidesk.js (modo: incremental)
🔍 Incremental sync desde: 2026-08-07T14:56:30Z
Filtro Movidesk: baseStatus ne 'Resolved' and baseStatus ne 'Closed' and baseStatus ne 'Canceled' and ((ownerTeam eq 'VIASOFT - Sistemas Internos')) and customFieldValues/any(cfv: cfv/customFieldId eq 23946 and cfv/items/any(i: i/customFieldItem eq 'Suporte Técnico')) and lastUpdate gt 2026-08-07T14:56:30Z
Movidesk URL [/ | skip=0]: https://api.movidesk.com/public/v1/tickets?token=7cfc09fb-51fb-4708-b2dc-2b4a4535674e&$select=id%2Csubject%2Cstatus%2CbaseStatus%2CcreatedDate%2ClastActionDate%2ClastUpdate%2CserviceFirstLevelId%2CserviceFirstLevel%2CserviceSecondLevel%2CslaAgreement%2CslaAgreementRule%2CslaSolutionTime%2CslaResponseTime%2CslaSolutionDate%2CslaSolutionDateIsPaused%2CslaResponseDate%2CslaRealResponseDate%2Cjustification%2CownerTeam&$filter=baseStatus ne 'Resolved' and baseStatus ne 'Closed' and baseStatus ne 'Canceled' and ((ownerTeam eq 'VIASOFT - Sistemas Internos')) and customFieldValues/any(cfv: cfv/customFieldId eq 23946 and cfv/items/any(i: i/customFieldItem eq 'Suporte Técnico')) and lastUpdate gt 2026-08-07T14:56:30Z&$expand=owner%2Cactions(%24select%3Did%2Ctype%2Corigin%2Cstatus%2CcreatedDate%2Cdescription%3B%24expand%3DcreatedBy)%2CcustomFieldValues(%24expand%3Ditems)%2Cclients(%24expand%3Dorganization)&$orderby=createdDate asc&$top=100&$skip=0
(node:29116) [DEP0169] DeprecationWarning: `url.parse()` behavior is not standardized and prone to errors that have security implications. Use the WHATWG URL API instead. CVEs are not issued for `url.parse()` vulnerabilities.
(Use `node --trace-deprecation ...` to show where the warning was created)
Execucao finalizada em 07/08/2026 11:45:23 (exit code -1073741510)
============================================
Execucao iniciada em 07/08/2026 11:47:15
[07/08/2026, 11:47:16] Iniciando sync-movidesk.js (modo: incremental)
🔍 Incremental sync desde: 2026-08-07T14:56:30Z
Filtro Movidesk: baseStatus ne 'Resolved' and baseStatus ne 'Closed' and baseStatus ne 'Canceled' and ((ownerTeam eq 'VIASOFT - Sistemas Internos')) and customFieldValues/any(cfv: cfv/customFieldId eq 23946 and cfv/items/any(i: i/customFieldItem eq 'Suporte Técnico')) and lastUpdate gt 2026-08-07T14:56:30Z
Movidesk URL [/ | skip=0]: https://api.movidesk.com/public/v1/tickets?token=7cfc09fb-51fb-4708-b2dc-2b4a4535674e&$select=id%2Csubject%2Cstatus%2CbaseStatus%2CcreatedDate%2ClastActionDate%2ClastUpdate%2CserviceFirstLevelId%2CserviceFirstLevel%2CserviceSecondLevel%2CslaAgreement%2CslaAgreementRule%2CslaSolutionTime%2CslaResponseTime%2CslaSolutionDate%2CslaSolutionDateIsPaused%2CslaResponseDate%2CslaRealResponseDate%2Cjustification%2CownerTeam&$filter=baseStatus ne 'Resolved' and baseStatus ne 'Closed' and baseStatus ne 'Canceled' and ((ownerTeam eq 'VIASOFT - Sistemas Internos')) and customFieldValues/any(cfv: cfv/customFieldId eq 23946 and cfv/items/any(i: i/customFieldItem eq 'Suporte Técnico')) and lastUpdate gt 2026-08-07T14:56:30Z&$expand=owner%2Cactions(%24select%3Did%2Ctype%2Corigin%2Cstatus%2CcreatedDate%2Cdescription%3B%24expand%3DcreatedBy)%2CcustomFieldValues(%24expand%3Ditems)%2Cclients(%24expand%3Dorganization)&$orderby=createdDate asc&$top=100&$skip=0
Filtro Movidesk: baseStatus ne 'Resolved' and baseStatus ne 'Closed' and baseStatus ne 'Canceled' and ((ownerTeam eq 'VIASOFT - Sistemas Internos')) and customFieldValues/any(cfv: cfv/customFieldId eq 23946 and cfv/items/any(i: i/customFieldItem eq 'Suporte Técnico')) and (baseStatus eq 'New' or baseStatus eq 'InAttendance' or baseStatus eq 'Stopped')
Movidesk URL [/ | skip=0]: https://api.movidesk.com/public/v1/tickets?token=7cfc09fb-51fb-4708-b2dc-2b4a4535674e&$select=id%2Csubject%2Cstatus%2CbaseStatus%2CcreatedDate%2ClastActionDate%2ClastUpdate%2CserviceFirstLevelId%2CserviceFirstLevel%2CserviceSecondLevel%2CslaAgreement%2CslaAgreementRule%2CslaSolutionTime%2CslaResponseTime%2CslaSolutionDate%2CslaSolutionDateIsPaused%2CslaResponseDate%2CslaRealResponseDate%2Cjustification%2CownerTeam&$filter=baseStatus ne 'Resolved' and baseStatus ne 'Closed' and baseStatus ne 'Canceled' and ((ownerTeam eq 'VIASOFT - Sistemas Internos')) and customFieldValues/any(cfv: cfv/customFieldId eq 23946 and cfv/items/any(i: i/customFieldItem eq 'Suporte Técnico')) and (baseStatus eq 'New' or baseStatus eq 'InAttendance' or baseStatus eq 'Stopped')&$expand=owner%2Cactions(%24select%3Did%2Ctype%2Corigin%2Cstatus%2CcreatedDate%2Cdescription%3B%24expand%3DcreatedBy)%2CcustomFieldValues(%24expand%3Ditems)%2Cclients(%24expand%3Dorganization)&$orderby=createdDate asc&$top=100&$skip=0
[sync-movidesk] Sincronização incremental: 0 chamado(s) atualizados.
(node:26736) [DEP0169] DeprecationWarning: `url.parse()` behavior is not standardized and prone to errors that have security implications. Use the WHATWG URL API instead. CVEs are not issued for `url.parse()` vulnerabilities.
(Use `node --trace-deprecation ...` to show where the warning was created)
Execucao finalizada em 07/08/2026 11:47:53 (exit code 0)
============================================
Execucao iniciada em 07/08/2026 11:49:15
[07/08/2026, 11:49:16] Iniciando sync-movidesk.js (modo: incremental)
🔍 Incremental sync desde: 2026-08-07T14:56:30Z
Filtro Movidesk: baseStatus ne 'Resolved' and baseStatus ne 'Closed' and baseStatus ne 'Canceled' and ((ownerTeam eq 'VIASOFT - Sistemas Internos')) and customFieldValues/any(cfv: cfv/customFieldId eq 23946 and cfv/items/any(i: i/customFieldItem eq 'Suporte Técnico')) and lastUpdate gt 2026-08-07T14:56:30Z
Movidesk URL [/ | skip=0]: https://api.movidesk.com/public/v1/tickets?token=7cfc09fb-51fb-4708-b2dc-2b4a4535674e&$select=id%2Csubject%2Cstatus%2CbaseStatus%2CcreatedDate%2ClastActionDate%2ClastUpdate%2CserviceFirstLevelId%2CserviceFirstLevel%2CserviceSecondLevel%2CslaAgreement%2CslaAgreementRule%2CslaSolutionTime%2CslaResponseTime%2CslaSolutionDate%2CslaSolutionDateIsPaused%2CslaResponseDate%2CslaRealResponseDate%2Cjustification%2CownerTeam&$filter=baseStatus ne 'Resolved' and baseStatus ne 'Closed' and baseStatus ne 'Canceled' and ((ownerTeam eq 'VIASOFT - Sistemas Internos')) and customFieldValues/any(cfv: cfv/customFieldId eq 23946 and cfv/items/any(i: i/customFieldItem eq 'Suporte Técnico')) and lastUpdate gt 2026-08-07T14:56:30Z&$expand=owner%2Cactions(%24select%3Did%2Ctype%2Corigin%2Cstatus%2CcreatedDate%2Cdescription%3B%24expand%3DcreatedBy)%2CcustomFieldValues(%24expand%3Ditems)%2Cclients(%24expand%3Dorganization)&$orderby=createdDate asc&$top=100&$skip=0
Filtro Movidesk: baseStatus ne 'Resolved' and baseStatus ne 'Closed' and baseStatus ne 'Canceled' and ((ownerTeam eq 'VIASOFT - Sistemas Internos')) and customFieldValues/any(cfv: cfv/customFieldId eq 23946 and cfv/items/any(i: i/customFieldItem eq 'Suporte Técnico')) and (baseStatus eq 'New' or baseStatus eq 'InAttendance' or baseStatus eq 'Stopped')
Movidesk URL [/ | skip=0]: https://api.movidesk.com/public/v1/tickets?token=7cfc09fb-51fb-4708-b2dc-2b4a4535674e&$select=id%2Csubject%2Cstatus%2CbaseStatus%2CcreatedDate%2ClastActionDate%2ClastUpdate%2CserviceFirstLevelId%2CserviceFirstLevel%2CserviceSecondLevel%2CslaAgreement%2CslaAgreementRule%2CslaSolutionTime%2CslaResponseTime%2CslaSolutionDate%2CslaSolutionDateIsPaused%2CslaResponseDate%2CslaRealResponseDate%2Cjustification%2CownerTeam&$filter=baseStatus ne 'Resolved' and baseStatus ne 'Closed' and baseStatus ne 'Canceled' and ((ownerTeam eq 'VIASOFT - Sistemas Internos')) and customFieldValues/any(cfv: cfv/customFieldId eq 23946 and cfv/items/any(i: i/customFieldItem eq 'Suporte Técnico')) and (baseStatus eq 'New' or baseStatus eq 'InAttendance' or baseStatus eq 'Stopped')&$expand=owner%2Cactions(%24select%3Did%2Ctype%2Corigin%2Cstatus%2CcreatedDate%2Cdescription%3B%24expand%3DcreatedBy)%2CcustomFieldValues(%24expand%3Ditems)%2Cclients(%24expand%3Dorganization)&$orderby=createdDate asc&$top=100&$skip=0
(node:21132) [DEP0169] DeprecationWarning: `url.parse()` behavior is not standardized and prone to errors that have security implications. Use the WHATWG URL API instead. CVEs are not issued for `url.parse()` vulnerabilities.
(Use `node --trace-deprecation ...` to show where the warning was created)
Execucao finalizada em 07/08/2026 11:49:40 (exit code -1073741510)
============================================
Execucao iniciada em 07/08/2026 11:51:15
[07/08/2026, 11:51:16] Iniciando sync-movidesk.js (modo: incremental)
🔍 Incremental sync desde: 2026-08-07T14:56:30Z
Filtro Movidesk: baseStatus ne 'Resolved' and baseStatus ne 'Closed' and baseStatus ne 'Canceled' and ((ownerTeam eq 'VIASOFT - Sistemas Internos')) and customFieldValues/any(cfv: cfv/customFieldId eq 23946 and cfv/items/any(i: i/customFieldItem eq 'Suporte Técnico')) and lastUpdate gt 2026-08-07T14:56:30Z
Movidesk URL [/ | skip=0]: https://api.movidesk.com/public/v1/tickets?token=7cfc09fb-51fb-4708-b2dc-2b4a4535674e&$select=id%2Csubject%2Cstatus%2CbaseStatus%2CcreatedDate%2ClastActionDate%2ClastUpdate%2CserviceFirstLevelId%2CserviceFirstLevel%2CserviceSecondLevel%2CslaAgreement%2CslaAgreementRule%2CslaSolutionTime%2CslaResponseTime%2CslaSolutionDate%2CslaSolutionDateIsPaused%2CslaResponseDate%2CslaRealResponseDate%2Cjustification%2CownerTeam&$filter=baseStatus ne 'Resolved' and baseStatus ne 'Closed' and baseStatus ne 'Canceled' and ((ownerTeam eq 'VIASOFT - Sistemas Internos')) and customFieldValues/any(cfv: cfv/customFieldId eq 23946 and cfv/items/any(i: i/customFieldItem eq 'Suporte Técnico')) and lastUpdate gt 2026-08-07T14:56:30Z&$expand=owner%2Cactions(%24select%3Did%2Ctype%2Corigin%2Cstatus%2CcreatedDate%2Cdescription%3B%24expand%3DcreatedBy)%2CcustomFieldValues(%24expand%3Ditems)%2Cclients(%24expand%3Dorganization)&$orderby=createdDate asc&$top=100&$skip=0
(node:1720) [DEP0169] DeprecationWarning: `url.parse()` behavior is not standardized and prone to errors that have security implications. Use the WHATWG URL API instead. CVEs are not issued for `url.parse()` vulnerabilities.
(Use `node --trace-deprecation ...` to show where the warning was created)
Execucao finalizada em 07/08/2026 11:51:19 (exit code -1073741510)
============================================
Execucao iniciada em 07/08/2026 11:53:15
[07/08/2026, 11:53:16] Iniciando sync-movidesk.js (modo: incremental)
🔍 Incremental sync desde: 2026-08-07T14:56:30Z
Filtro Movidesk: baseStatus ne 'Resolved' and baseStatus ne 'Closed' and baseStatus ne 'Canceled' and ((ownerTeam eq 'VIASOFT - Sistemas Internos')) and customFieldValues/any(cfv: cfv/customFieldId eq 23946 and cfv/items/any(i: i/customFieldItem eq 'Suporte Técnico')) and lastUpdate gt 2026-08-07T14:56:30Z
Movidesk URL [/ | skip=0]: https://api.movidesk.com/public/v1/tickets?token=7cfc09fb-51fb-4708-b2dc-2b4a4535674e&$select=id%2Csubject%2Cstatus%2CbaseStatus%2CcreatedDate%2ClastActionDate%2ClastUpdate%2CserviceFirstLevelId%2CserviceFirstLevel%2CserviceSecondLevel%2CslaAgreement%2CslaAgreementRule%2CslaSolutionTime%2CslaResponseTime%2CslaSolutionDate%2CslaSolutionDateIsPaused%2CslaResponseDate%2CslaRealResponseDate%2Cjustification%2CownerTeam&$filter=baseStatus ne 'Resolved' and baseStatus ne 'Closed' and baseStatus ne 'Canceled' and ((ownerTeam eq 'VIASOFT - Sistemas Internos')) and customFieldValues/any(cfv: cfv/customFieldId eq 23946 and cfv/items/any(i: i/customFieldItem eq 'Suporte Técnico')) and lastUpdate gt 2026-08-07T14:56:30Z&$expand=owner%2Cactions(%24select%3Did%2Ctype%2Corigin%2Cstatus%2CcreatedDate%2Cdescription%3B%24expand%3DcreatedBy)%2CcustomFieldValues(%24expand%3Ditems)%2Cclients(%24expand%3Dorganization)&$orderby=createdDate asc&$top=100&$skip=0
Filtro Movidesk: baseStatus ne 'Resolved' and baseStatus ne 'Closed' and baseStatus ne 'Canceled' and ((ownerTeam eq 'VIASOFT - Sistemas Internos')) and customFieldValues/any(cfv: cfv/customFieldId eq 23946 and cfv/items/any(i: i/customFieldItem eq 'Suporte Técnico')) and (baseStatus eq 'New' or baseStatus eq 'InAttendance' or baseStatus eq 'Stopped')
Movidesk URL [/ | skip=0]: https://api.movidesk.com/public/v1/tickets?token=7cfc09fb-51fb-4708-b2dc-2b4a4535674e&$select=id%2Csubject%2Cstatus%2CbaseStatus%2CcreatedDate%2ClastActionDate%2ClastUpdate%2CserviceFirstLevelId%2CserviceFirstLevel%2CserviceSecondLevel%2CslaAgreement%2CslaAgreementRule%2CslaSolutionTime%2CslaResponseTime%2CslaSolutionDate%2CslaSolutionDateIsPaused%2CslaResponseDate%2CslaRealResponseDate%2Cjustification%2CownerTeam&$filter=baseStatus ne 'Resolved' and baseStatus ne 'Closed' and baseStatus ne 'Canceled' and ((ownerTeam eq 'VIASOFT - Sistemas Internos')) and customFieldValues/any(cfv: cfv/customFieldId eq 23946 and cfv/items/any(i: i/customFieldItem eq 'Suporte Técnico')) and (baseStatus eq 'New' or baseStatus eq 'InAttendance' or baseStatus eq 'Stopped')&$expand=owner%2Cactions(%24select%3Did%2Ctype%2Corigin%2Cstatus%2CcreatedDate%2Cdescription%3B%24expand%3DcreatedBy)%2CcustomFieldValues(%24expand%3Ditems)%2Cclients(%24expand%3Dorganization)&$orderby=createdDate asc&$top=100&$skip=0
[sync-movidesk] Sincronização incremental: 0 chamado(s) atualizados.
(node:27552) [DEP0169] DeprecationWarning: `url.parse()` behavior is not standardized and prone to errors that have security implications. Use the WHATWG URL API instead. CVEs are not issued for `url.parse()` vulnerabilities.
(Use `node --trace-deprecation ...` to show where the warning was created)
Execucao finalizada em 07/08/2026 11:53:36 (exit code 0)
============================================
Execucao iniciada em 07/08/2026 11:55:15
[07/08/2026, 11:55:16] Iniciando sync-movidesk.js (modo: incremental)
🔍 Incremental sync desde: 2026-08-07T14:56:30Z
Filtro Movidesk: baseStatus ne 'Resolved' and baseStatus ne 'Closed' and baseStatus ne 'Canceled' and ((ownerTeam eq 'VIASOFT - Sistemas Internos')) and customFieldValues/any(cfv: cfv/customFieldId eq 23946 and cfv/items/any(i: i/customFieldItem eq 'Suporte Técnico')) and lastUpdate gt 2026-08-07T14:56:30Z
Movidesk URL [/ | skip=0]: https://api.movidesk.com/public/v1/tickets?token=7cfc09fb-51fb-4708-b2dc-2b4a4535674e&$select=id%2Csubject%2Cstatus%2CbaseStatus%2CcreatedDate%2ClastActionDate%2ClastUpdate%2CserviceFirstLevelId%2CserviceFirstLevel%2CserviceSecondLevel%2CslaAgreement%2CslaAgreementRule%2CslaSolutionTime%2CslaResponseTime%2CslaSolutionDate%2CslaSolutionDateIsPaused%2CslaResponseDate%2CslaRealResponseDate%2Cjustification%2CownerTeam&$filter=baseStatus ne 'Resolved' and baseStatus ne 'Closed' and baseStatus ne 'Canceled' and ((ownerTeam eq 'VIASOFT - Sistemas Internos')) and customFieldValues/any(cfv: cfv/customFieldId eq 23946 and cfv/items/any(i: i/customFieldItem eq 'Suporte Técnico')) and lastUpdate gt 2026-08-07T14:56:30Z&$expand=owner%2Cactions(%24select%3Did%2Ctype%2Corigin%2Cstatus%2CcreatedDate%2Cdescription%3B%24expand%3DcreatedBy)%2CcustomFieldValues(%24expand%3Ditems)%2Cclients(%24expand%3Dorganization)&$orderby=createdDate asc&$top=100&$skip=0
Filtro Movidesk: baseStatus ne 'Resolved' and baseStatus ne 'Closed' and baseStatus ne 'Canceled' and ((ownerTeam eq 'VIASOFT - Sistemas Internos')) and customFieldValues/any(cfv: cfv/customFieldId eq 23946 and cfv/items/any(i: i/customFieldItem eq 'Suporte Técnico')) and (baseStatus eq 'New' or baseStatus eq 'InAttendance' or baseStatus eq 'Stopped')
Movidesk URL [/ | skip=0]: https://api.movidesk.com/public/v1/tickets?token=7cfc09fb-51fb-4708-b2dc-2b4a4535674e&$select=id%2Csubject%2Cstatus%2CbaseStatus%2CcreatedDate%2ClastActionDate%2ClastUpdate%2CserviceFirstLevelId%2CserviceFirstLevel%2CserviceSecondLevel%2CslaAgreement%2CslaAgreementRule%2CslaSolutionTime%2CslaResponseTime%2CslaSolutionDate%2CslaSolutionDateIsPaused%2CslaResponseDate%2CslaRealResponseDate%2Cjustification%2CownerTeam&$filter=baseStatus ne 'Resolved' and baseStatus ne 'Closed' and baseStatus ne 'Canceled' and ((ownerTeam eq 'VIASOFT - Sistemas Internos')) and customFieldValues/any(cfv: cfv/customFieldId eq 23946 and cfv/items/any(i: i/customFieldItem eq 'Suporte Técnico')) and (baseStatus eq 'New' or baseStatus eq 'InAttendance' or baseStatus eq 'Stopped')&$expand=owner%2Cactions(%24select%3Did%2Ctype%2Corigin%2Cstatus%2CcreatedDate%2Cdescription%3B%24expand%3DcreatedBy)%2CcustomFieldValues(%24expand%3Ditems)%2Cclients(%24expand%3Dorganization)&$orderby=createdDate asc&$top=100&$skip=0
[sync-movidesk] Sincronização incremental: 0 chamado(s) atualizados.
(node:25672) [DEP0169] DeprecationWarning: `url.parse()` behavior is not standardized and prone to errors that have security implications. Use the WHATWG URL API instead. CVEs are not issued for `url.parse()` vulnerabilities.
(Use `node --trace-deprecation ...` to show where the warning was created)
Execucao finalizada em 07/08/2026 11:55:47 (exit code 0)
============================================
Execucao iniciada em 07/08/2026 11:57:15
[07/08/2026, 11:57:17] Iniciando sync-movidesk.js (modo: incremental)
🔍 Incremental sync desde: 2026-08-07T14:56:30Z
Filtro Movidesk: baseStatus ne 'Resolved' and baseStatus ne 'Closed' and baseStatus ne 'Canceled' and ((ownerTeam eq 'VIASOFT - Sistemas Internos')) and customFieldValues/any(cfv: cfv/customFieldId eq 23946 and cfv/items/any(i: i/customFieldItem eq 'Suporte Técnico')) and lastUpdate gt 2026-08-07T14:56:30Z
Movidesk URL [/ | skip=0]: https://api.movidesk.com/public/v1/tickets?token=7cfc09fb-51fb-4708-b2dc-2b4a4535674e&$select=id%2Csubject%2Cstatus%2CbaseStatus%2CcreatedDate%2ClastActionDate%2ClastUpdate%2CserviceFirstLevelId%2CserviceFirstLevel%2CserviceSecondLevel%2CslaAgreement%2CslaAgreementRule%2CslaSolutionTime%2CslaResponseTime%2CslaSolutionDate%2CslaSolutionDateIsPaused%2CslaResponseDate%2CslaRealResponseDate%2Cjustification%2CownerTeam&$filter=baseStatus ne 'Resolved' and baseStatus ne 'Closed' and baseStatus ne 'Canceled' and ((ownerTeam eq 'VIASOFT - Sistemas Internos')) and customFieldValues/any(cfv: cfv/customFieldId eq 23946 and cfv/items/any(i: i/customFieldItem eq 'Suporte Técnico')) and lastUpdate gt 2026-08-07T14:56:30Z&$expand=owner%2Cactions(%24select%3Did%2Ctype%2Corigin%2Cstatus%2CcreatedDate%2Cdescription%3B%24expand%3DcreatedBy)%2CcustomFieldValues(%24expand%3Ditems)%2Cclients(%24expand%3Dorganization)&$orderby=createdDate asc&$top=100&$skip=0
Filtro Movidesk: baseStatus ne 'Resolved' and baseStatus ne 'Closed' and baseStatus ne 'Canceled' and ((ownerTeam eq 'VIASOFT - Sistemas Internos')) and customFieldValues/any(cfv: cfv/customFieldId eq 23946 and cfv/items/any(i: i/customFieldItem eq 'Suporte Técnico')) and (baseStatus eq 'New' or baseStatus eq 'InAttendance' or baseStatus eq 'Stopped')
Movidesk URL [/ | skip=0]: https://api.movidesk.com/public/v1/tickets?token=7cfc09fb-51fb-4708-b2dc-2b4a4535674e&$select=id%2Csubject%2Cstatus%2CbaseStatus%2CcreatedDate%2ClastActionDate%2ClastUpdate%2CserviceFirstLevelId%2CserviceFirstLevel%2CserviceSecondLevel%2CslaAgreement%2CslaAgreementRule%2CslaSolutionTime%2CslaResponseTime%2CslaSolutionDate%2CslaSolutionDateIsPaused%2CslaResponseDate%2CslaRealResponseDate%2Cjustification%2CownerTeam&$filter=baseStatus ne 'Resolved' and baseStatus ne 'Closed' and baseStatus ne 'Canceled' and ((ownerTeam eq 'VIASOFT - Sistemas Internos')) and customFieldValues/any(cfv: cfv/customFieldId eq 23946 and cfv/items/any(i: i/customFieldItem eq 'Suporte Técnico')) and (baseStatus eq 'New' or baseStatus eq 'InAttendance' or baseStatus eq 'Stopped')&$expand=owner%2Cactions(%24select%3Did%2Ctype%2Corigin%2Cstatus%2CcreatedDate%2Cdescription%3B%24expand%3DcreatedBy)%2CcustomFieldValues(%24expand%3Ditems)%2Cclients(%24expand%3Dorganization)&$orderby=createdDate asc&$top=100&$skip=0
[sync-movidesk] Sincronização incremental: 0 chamado(s) atualizados.
(node:24076) [DEP0169] DeprecationWarning: `url.parse()` behavior is not standardized and prone to errors that have security implications. Use the WHATWG URL API instead. CVEs are not issued for `url.parse()` vulnerabilities.
(Use `node --trace-deprecation ...` to show where the warning was created)
Execucao finalizada em 07/08/2026 11:57:50 (exit code 0)
============================================
Execucao iniciada em 07/08/2026 11:59:15
[07/08/2026, 11:59:16] Iniciando sync-movidesk.js (modo: incremental)
🔍 Incremental sync desde: 2026-08-07T14:56:30Z
Filtro Movidesk: baseStatus ne 'Resolved' and baseStatus ne 'Closed' and baseStatus ne 'Canceled' and ((ownerTeam eq 'VIASOFT - Sistemas Internos')) and customFieldValues/any(cfv: cfv/customFieldId eq 23946 and cfv/items/any(i: i/customFieldItem eq 'Suporte Técnico')) and lastUpdate gt 2026-08-07T14:56:30Z
Movidesk URL [/ | skip=0]: https://api.movidesk.com/public/v1/tickets?token=7cfc09fb-51fb-4708-b2dc-2b4a4535674e&$select=id%2Csubject%2Cstatus%2CbaseStatus%2CcreatedDate%2ClastActionDate%2ClastUpdate%2CserviceFirstLevelId%2CserviceFirstLevel%2CserviceSecondLevel%2CslaAgreement%2CslaAgreementRule%2CslaSolutionTime%2CslaResponseTime%2CslaSolutionDate%2CslaSolutionDateIsPaused%2CslaResponseDate%2CslaRealResponseDate%2Cjustification%2CownerTeam&$filter=baseStatus ne 'Resolved' and baseStatus ne 'Closed' and baseStatus ne 'Canceled' and ((ownerTeam eq 'VIASOFT - Sistemas Internos')) and customFieldValues/any(cfv: cfv/customFieldId eq 23946 and cfv/items/any(i: i/customFieldItem eq 'Suporte Técnico')) and lastUpdate gt 2026-08-07T14:56:30Z&$expand=owner%2Cactions(%24select%3Did%2Ctype%2Corigin%2Cstatus%2CcreatedDate%2Cdescription%3B%24expand%3DcreatedBy)%2CcustomFieldValues(%24expand%3Ditems)%2Cclients(%24expand%3Dorganization)&$orderby=createdDate asc&$top=100&$skip=0
Filtro Movidesk: baseStatus ne 'Resolved' and baseStatus ne 'Closed' and baseStatus ne 'Canceled' and ((ownerTeam eq 'VIASOFT - Sistemas Internos')) and customFieldValues/any(cfv: cfv/customFieldId eq 23946 and cfv/items/any(i: i/customFieldItem eq 'Suporte Técnico')) and (baseStatus eq 'New' or baseStatus eq 'InAttendance' or baseStatus eq 'Stopped')
Movidesk URL [/ | skip=0]: https://api.movidesk.com/public/v1/tickets?token=7cfc09fb-51fb-4708-b2dc-2b4a4535674e&$select=id%2Csubject%2Cstatus%2CbaseStatus%2CcreatedDate%2ClastActionDate%2ClastUpdate%2CserviceFirstLevelId%2CserviceFirstLevel%2CserviceSecondLevel%2CslaAgreement%2CslaAgreementRule%2CslaSolutionTime%2CslaResponseTime%2CslaSolutionDate%2CslaSolutionDateIsPaused%2CslaResponseDate%2CslaRealResponseDate%2Cjustification%2CownerTeam&$filter=baseStatus ne 'Resolved' and baseStatus ne 'Closed' and baseStatus ne 'Canceled' and ((ownerTeam eq 'VIASOFT - Sistemas Internos')) and customFieldValues/any(cfv: cfv/customFieldId eq 23946 and cfv/items/any(i: i/customFieldItem eq 'Suporte Técnico')) and (baseStatus eq 'New' or baseStatus eq 'InAttendance' or baseStatus eq 'Stopped')&$expand=owner%2Cactions(%24select%3Did%2Ctype%2Corigin%2Cstatus%2CcreatedDate%2Cdescription%3B%24expand%3DcreatedBy)%2CcustomFieldValues(%24expand%3Ditems)%2Cclients(%24expand%3Dorganization)&$orderby=createdDate asc&$top=100&$skip=0
Filtro Movidesk: baseStatus ne 'Resolved' and baseStatus ne 'Closed' and baseStatus ne 'Canceled' and ((ownerTeam eq 'VIASOFT - Sistemas Internos')) and customFieldValues/any(cfv: cfv/customFieldId eq 23946 and cfv/items/any(i: i/customFieldItem eq 'Suporte Técnico')) and (baseStatus eq 'New' or baseStatus eq 'InAttendance' or baseStatus eq 'Stopped')
Movidesk URL [/ | skip=0]: https://api.movidesk.com/public/v1/tickets?token=7cfc09fb-51fb-4708-b2dc-2b4a4535674e&$select=id%2Csubject%2Cstatus%2CbaseStatus%2CcreatedDate%2ClastActionDate%2ClastUpdate%2CserviceFirstLevelId%2CserviceFirstLevel%2CserviceSecondLevel%2CslaAgreement%2CslaAgreementRule%2CslaSolutionTime%2CslaResponseTime%2CslaSolutionDate%2CslaSolutionDateIsPaused%2CslaResponseDate%2CslaRealResponseDate%2Cjustification%2CownerTeam&$filter=baseStatus ne 'Resolved' and baseStatus ne 'Closed' and baseStatus ne 'Canceled' and ((ownerTeam eq 'VIASOFT - Sistemas Internos')) and customFieldValues/any(cfv: cfv/customFieldId eq 23946 and cfv/items/any(i: i/customFieldItem eq 'Suporte Técnico')) and (baseStatus eq 'New' or baseStatus eq 'InAttendance' or baseStatus eq 'Stopped')&$expand=owner%2Cactions(%24select%3Did%2Ctype%2Corigin%2Cstatus%2CcreatedDate%2Cdescription%3B%24expand%3DcreatedBy)%2CcustomFieldValues(%24expand%3Ditems)%2Cclients(%24expand%3Dorganization)&$orderby=createdDate asc&$top=100&$skip=0
[sync-movidesk] Sincronização incremental: 0 chamado(s) atualizados.
(node:22900) [DEP0169] DeprecationWarning: `url.parse()` behavior is not standardized and prone to errors that have security implications. Use the WHATWG URL API instead. CVEs are not issued for `url.parse()` vulnerabilities.
(Use `node --trace-deprecation ...` to show where the warning was created)
Movidesk ECONNRESET no skip=0. Tentando novamente em 2000ms...
Execucao finalizada em 07/08/2026 13:35:19 (exit code 0)
============================================
Execucao iniciada em 07/08/2026 13:37:16
[07/08/2026, 13:37:37] Iniciando sync-movidesk.js (modo: incremental)
🔍 Incremental sync desde: 2026-08-07T14:56:30Z
Filtro Movidesk: baseStatus ne 'Resolved' and baseStatus ne 'Closed' and baseStatus ne 'Canceled' and ((ownerTeam eq 'VIASOFT - Sistemas Internos')) and customFieldValues/any(cfv: cfv/customFieldId eq 23946 and cfv/items/any(i: i/customFieldItem eq 'Suporte Técnico')) and lastUpdate gt 2026-08-07T14:56:30Z
Movidesk URL [/ | skip=0]: https://api.movidesk.com/public/v1/tickets?token=7cfc09fb-51fb-4708-b2dc-2b4a4535674e&$select=id%2Csubject%2Cstatus%2CbaseStatus%2CcreatedDate%2ClastActionDate%2ClastUpdate%2CserviceFirstLevelId%2CserviceFirstLevel%2CserviceSecondLevel%2CslaAgreement%2CslaAgreementRule%2CslaSolutionTime%2CslaResponseTime%2CslaSolutionDate%2CslaSolutionDateIsPaused%2CslaResponseDate%2CslaRealResponseDate%2Cjustification%2CownerTeam&$filter=baseStatus ne 'Resolved' and baseStatus ne 'Closed' and baseStatus ne 'Canceled' and ((ownerTeam eq 'VIASOFT - Sistemas Internos')) and customFieldValues/any(cfv: cfv/customFieldId eq 23946 and cfv/items/any(i: i/customFieldItem eq 'Suporte Técnico')) and lastUpdate gt 2026-08-07T14:56:30Z&$expand=owner%2Cactions(%24select%3Did%2Ctype%2Corigin%2Cstatus%2CcreatedDate%2Cdescription%3B%24expand%3DcreatedBy)%2CcustomFieldValues(%24expand%3Ditems)%2Cclients(%24expand%3Dorganization)&$orderby=createdDate asc&$top=100&$skip=0
Filtro Movidesk: baseStatus ne 'Resolved' and baseStatus ne 'Closed' and baseStatus ne 'Canceled' and ((ownerTeam eq 'VIASOFT - Sistemas Internos')) and customFieldValues/any(cfv: cfv/customFieldId eq 23946 and cfv/items/any(i: i/customFieldItem eq 'Suporte Técnico')) and (baseStatus eq 'New' or baseStatus eq 'InAttendance' or baseStatus eq 'Stopped')
Movidesk URL [/ | skip=0]: https://api.movidesk.com/public/v1/tickets?token=7cfc09fb-51fb-4708-b2dc-2b4a4535674e&$select=id%2Csubject%2Cstatus%2CbaseStatus%2CcreatedDate%2ClastActionDate%2ClastUpdate%2CserviceFirstLevelId%2CserviceFirstLevel%2CserviceSecondLevel%2CslaAgreement%2CslaAgreementRule%2CslaSolutionTime%2CslaResponseTime%2CslaSolutionDate%2CslaSolutionDateIsPaused%2CslaResponseDate%2CslaRealResponseDate%2Cjustification%2CownerTeam&$filter=baseStatus ne 'Resolved' and baseStatus ne 'Closed' and baseStatus ne 'Canceled' and ((ownerTeam eq 'VIASOFT - Sistemas Internos')) and customFieldValues/any(cfv: cfv/customFieldId eq 23946 and cfv/items/any(i: i/customFieldItem eq 'Suporte Técnico')) and (baseStatus eq 'New' or baseStatus eq 'InAttendance' or baseStatus eq 'Stopped')&$expand=owner%2Cactions(%24select%3Did%2Ctype%2Corigin%2Cstatus%2CcreatedDate%2Cdescription%3B%24expand%3DcreatedBy)%2CcustomFieldValues(%24expand%3Ditems)%2Cclients(%24expand%3Dorganization)&$orderby=createdDate asc&$top=100&$skip=0
✅ Incremental sync: 1 ticket(s) atualizados
[sync-movidesk] Sincronização incremental: 1 chamado(s) atualizados.
(node:13996) [DEP0169] DeprecationWarning: `url.parse()` behavior is not standardized and prone to errors that have security implications. Use the WHATWG URL API instead. CVEs are not issued for `url.parse()` vulnerabilities.
(Use `node --trace-deprecation ...` to show where the warning was created)
Execucao finalizada em 07/08/2026 13:38:31 (exit code 0)
============================================
Execucao iniciada em 07/08/2026 13:39:15
[07/08/2026, 13:39:16] Iniciando sync-movidesk.js (modo: incremental)
🔍 Incremental sync desde: 2026-08-07T19:37:35Z
Filtro Movidesk: baseStatus ne 'Resolved' and baseStatus ne 'Closed' and baseStatus ne 'Canceled' and ((ownerTeam eq 'VIASOFT - Sistemas Internos')) and customFieldValues/any(cfv: cfv/customFieldId eq 23946 and cfv/items/any(i: i/customFieldItem eq 'Suporte Técnico')) and lastUpdate gt 2026-08-07T19:37:35Z
Movidesk URL [/ | skip=0]: https://api.movidesk.com/public/v1/tickets?token=7cfc09fb-51fb-4708-b2dc-2b4a4535674e&$select=id%2Csubject%2Cstatus%2CbaseStatus%2CcreatedDate%2ClastActionDate%2ClastUpdate%2CserviceFirstLevelId%2CserviceFirstLevel%2CserviceSecondLevel%2CslaAgreement%2CslaAgreementRule%2CslaSolutionTime%2CslaResponseTime%2CslaSolutionDate%2CslaSolutionDateIsPaused%2CslaResponseDate%2CslaRealResponseDate%2Cjustification%2CownerTeam&$filter=baseStatus ne 'Resolved' and baseStatus ne 'Closed' and baseStatus ne 'Canceled' and ((ownerTeam eq 'VIASOFT - Sistemas Internos')) and customFieldValues/any(cfv: cfv/customFieldId eq 23946 and cfv/items/any(i: i/customFieldItem eq 'Suporte Técnico')) and lastUpdate gt 2026-08-07T19:37:35Z&$expand=owner%2Cactions(%24select%3Did%2Ctype%2Corigin%2Cstatus%2CcreatedDate%2Cdescription%3B%24expand%3DcreatedBy)%2CcustomFieldValues(%24expand%3Ditems)%2Cclients(%24expand%3Dorganization)&$orderby=createdDate asc&$top=100&$skip=0
Filtro Movidesk: baseStatus ne 'Resolved' and baseStatus ne 'Closed' and baseStatus ne 'Canceled' and ((ownerTeam eq 'VIASOFT - Sistemas Internos')) and customFieldValues/any(cfv: cfv/customFieldId eq 23946 and cfv/items/any(i: i/customFieldItem eq 'Suporte Técnico')) and (baseStatus eq 'New' or baseStatus eq 'InAttendance' or baseStatus eq 'Stopped')
Movidesk URL [/ | skip=0]: https://api.movidesk.com/public/v1/tickets?token=7cfc09fb-51fb-4708-b2dc-2b4a4535674e&$select=id%2Csubject%2Cstatus%2CbaseStatus%2CcreatedDate%2ClastActionDate%2ClastUpdate%2CserviceFirstLevelId%2CserviceFirstLevel%2CserviceSecondLevel%2CslaAgreement%2CslaAgreementRule%2CslaSolutionTime%2CslaResponseTime%2CslaSolutionDate%2CslaSolutionDateIsPaused%2CslaResponseDate%2CslaRealResponseDate%2Cjustification%2CownerTeam&$filter=baseStatus ne 'Resolved' and baseStatus ne 'Closed' and baseStatus ne 'Canceled' and ((ownerTeam eq 'VIASOFT - Sistemas Internos')) and customFieldValues/any(cfv: cfv/customFieldId eq 23946 and cfv/items/any(i: i/customFieldItem eq 'Suporte Técnico')) and (baseStatus eq 'New' or baseStatus eq 'InAttendance' or baseStatus eq 'Stopped')&$expand=owner%2Cactions(%24select%3Did%2Ctype%2Corigin%2Cstatus%2CcreatedDate%2Cdescription%3B%24expand%3DcreatedBy)%2CcustomFieldValues(%24expand%3Ditems)%2Cclients(%24expand%3Dorganization)&$orderby=createdDate asc&$top=100&$skip=0
[sync-movidesk] Sincronização incremental: 0 chamado(s) atualizados.
(node:21956) [DEP0169] DeprecationWarning: `url.parse()` behavior is not standardized and prone to errors that have security implications. Use the WHATWG URL API instead. CVEs are not issued for `url.parse()` vulnerabilities.
(Use `node --trace-deprecation ...` to show where the warning was created)
Execucao finalizada em 07/08/2026 13:39:37 (exit code 0)
============================================
Execucao iniciada em 07/08/2026 13:41:15
[07/08/2026, 13:41:16] Iniciando sync-movidesk.js (modo: incremental)
🔍 Incremental sync desde: 2026-08-07T19:37:35Z
Filtro Movidesk: baseStatus ne 'Resolved' and baseStatus ne 'Closed' and baseStatus ne 'Canceled' and ((ownerTeam eq 'VIASOFT - Sistemas Internos')) and customFieldValues/any(cfv: cfv/customFieldId eq 23946 and cfv/items/any(i: i/customFieldItem eq 'Suporte Técnico')) and lastUpdate gt 2026-08-07T19:37:35Z
Movidesk URL [/ | skip=0]: https://api.movidesk.com/public/v1/tickets?token=7cfc09fb-51fb-4708-b2dc-2b4a4535674e&$select=id%2Csubject%2Cstatus%2CbaseStatus%2CcreatedDate%2ClastActionDate%2ClastUpdate%2CserviceFirstLevelId%2CserviceFirstLevel%2CserviceSecondLevel%2CslaAgreement%2CslaAgreementRule%2CslaSolutionTime%2CslaResponseTime%2CslaSolutionDate%2CslaSolutionDateIsPaused%2CslaResponseDate%2CslaRealResponseDate%2Cjustification%2CownerTeam&$filter=baseStatus ne 'Resolved' and baseStatus ne 'Closed' and baseStatus ne 'Canceled' and ((ownerTeam eq 'VIASOFT - Sistemas Internos')) and customFieldValues/any(cfv: cfv/customFieldId eq 23946 and cfv/items/any(i: i/customFieldItem eq 'Suporte Técnico')) and lastUpdate gt 2026-08-07T19:37:35Z&$expand=owner%2Cactions(%24select%3Did%2Ctype%2Corigin%2Cstatus%2CcreatedDate%2Cdescription%3B%24expand%3DcreatedBy)%2CcustomFieldValues(%24expand%3Ditems)%2Cclients(%24expand%3Dorganization)&$orderby=createdDate asc&$top=100&$skip=0
Filtro Movidesk: baseStatus ne 'Resolved' and baseStatus ne 'Closed' and baseStatus ne 'Canceled' and ((ownerTeam eq 'VIASOFT - Sistemas Internos')) and customFieldValues/any(cfv: cfv/customFieldId eq 23946 and cfv/items/any(i: i/customFieldItem eq 'Suporte Técnico')) and (baseStatus eq 'New' or baseStatus eq 'InAttendance' or baseStatus eq 'Stopped')
Movidesk URL [/ | skip=0]: https://api.movidesk.com/public/v1/tickets?token=7cfc09fb-51fb-4708-b2dc-2b4a4535674e&$select=id%2Csubject%2Cstatus%2CbaseStatus%2CcreatedDate%2ClastActionDate%2ClastUpdate%2CserviceFirstLevelId%2CserviceFirstLevel%2CserviceSecondLevel%2CslaAgreement%2CslaAgreementRule%2CslaSolutionTime%2CslaResponseTime%2CslaSolutionDate%2CslaSolutionDateIsPaused%2CslaResponseDate%2CslaRealResponseDate%2Cjustification%2CownerTeam&$filter=baseStatus ne 'Resolved' and baseStatus ne 'Closed' and baseStatus ne 'Canceled' and ((ownerTeam eq 'VIASOFT - Sistemas Internos')) and customFieldValues/any(cfv: cfv/customFieldId eq 23946 and cfv/items/any(i: i/customFieldItem eq 'Suporte Técnico')) and (baseStatus eq 'New' or baseStatus eq 'InAttendance' or baseStatus eq 'Stopped')&$expand=owner%2Cactions(%24select%3Did%2Ctype%2Corigin%2Cstatus%2CcreatedDate%2Cdescription%3B%24expand%3DcreatedBy)%2CcustomFieldValues(%24expand%3Ditems)%2Cclients(%24expand%3Dorganization)&$orderby=createdDate asc&$top=100&$skip=0
[sync-movidesk] Sincronização incremental: 0 chamado(s) atualizados.
(node:16868) [DEP0169] DeprecationWarning: `url.parse()` behavior is not standardized and prone to errors that have security implications. Use the WHATWG URL API instead. CVEs are not issued for `url.parse()` vulnerabilities.
(Use `node --trace-deprecation ...` to show where the warning was created)
Execucao finalizada em 07/08/2026 13:41:57 (exit code 0)
============================================
Execucao iniciada em 07/08/2026 13:43:15
[07/08/2026, 13:43:16] Iniciando sync-movidesk.js (modo: incremental)
🔍 Incremental sync desde: 2026-08-07T19:37:35Z
Filtro Movidesk: baseStatus ne 'Resolved' and baseStatus ne 'Closed' and baseStatus ne 'Canceled' and ((ownerTeam eq 'VIASOFT - Sistemas Internos')) and customFieldValues/any(cfv: cfv/customFieldId eq 23946 and cfv/items/any(i: i/customFieldItem eq 'Suporte Técnico')) and lastUpdate gt 2026-08-07T19:37:35Z
Movidesk URL [/ | skip=0]: https://api.movidesk.com/public/v1/tickets?token=7cfc09fb-51fb-4708-b2dc-2b4a4535674e&$select=id%2Csubject%2Cstatus%2CbaseStatus%2CcreatedDate%2ClastActionDate%2ClastUpdate%2CserviceFirstLevelId%2CserviceFirstLevel%2CserviceSecondLevel%2CslaAgreement%2CslaAgreementRule%2CslaSolutionTime%2CslaResponseTime%2CslaSolutionDate%2CslaSolutionDateIsPaused%2CslaResponseDate%2CslaRealResponseDate%2Cjustification%2CownerTeam&$filter=baseStatus ne 'Resolved' and baseStatus ne 'Closed' and baseStatus ne 'Canceled' and ((ownerTeam eq 'VIASOFT - Sistemas Internos')) and customFieldValues/any(cfv: cfv/customFieldId eq 23946 and cfv/items/any(i: i/customFieldItem eq 'Suporte Técnico')) and lastUpdate gt 2026-08-07T19:37:35Z&$expand=owner%2Cactions(%24select%3Did%2Ctype%2Corigin%2Cstatus%2CcreatedDate%2Cdescription%3B%24expand%3DcreatedBy)%2CcustomFieldValues(%24expand%3Ditems)%2Cclients(%24expand%3Dorganization)&$orderby=createdDate asc&$top=100&$skip=0
Filtro Movidesk: baseStatus ne 'Resolved' and baseStatus ne 'Closed' and baseStatus ne 'Canceled' and ((ownerTeam eq 'VIASOFT - Sistemas Internos')) and customFieldValues/any(cfv: cfv/customFieldId eq 23946 and cfv/items/any(i: i/customFieldItem eq 'Suporte Técnico')) and (baseStatus eq 'New' or baseStatus eq 'InAttendance' or baseStatus eq 'Stopped')
Movidesk URL [/ | skip=0]: https://api.movidesk.com/public/v1/tickets?token=7cfc09fb-51fb-4708-b2dc-2b4a4535674e&$select=id%2Csubject%2Cstatus%2CbaseStatus%2CcreatedDate%2ClastActionDate%2ClastUpdate%2CserviceFirstLevelId%2CserviceFirstLevel%2CserviceSecondLevel%2CslaAgreement%2CslaAgreementRule%2CslaSolutionTime%2CslaResponseTime%2CslaSolutionDate%2CslaSolutionDateIsPaused%2CslaResponseDate%2CslaRealResponseDate%2Cjustification%2CownerTeam&$filter=baseStatus ne 'Resolved' and baseStatus ne 'Closed' and baseStatus ne 'Canceled' and ((ownerTeam eq 'VIASOFT - Sistemas Internos')) and customFieldValues/any(cfv: cfv/customFieldId eq 23946 and cfv/items/any(i: i/customFieldItem eq 'Suporte Técnico')) and (baseStatus eq 'New' or baseStatus eq 'InAttendance' or baseStatus eq 'Stopped')&$expand=owner%2Cactions(%24select%3Did%2Ctype%2Corigin%2Cstatus%2CcreatedDate%2Cdescription%3B%24expand%3DcreatedBy)%2CcustomFieldValues(%24expand%3Ditems)%2Cclients(%24expand%3Dorganization)&$orderby=createdDate asc&$top=100&$skip=0
Filtro Movidesk: baseStatus ne 'Resolved' and baseStatus ne 'Closed' and baseStatus ne 'Canceled' and ((ownerTeam eq 'VIASOFT - Sistemas Internos')) and customFieldValues/any(cfv: cfv/customFieldId eq 23946 and cfv/items/any(i: i/customFieldItem eq 'Suporte Técnico')) and (baseStatus eq 'New' or baseStatus eq 'InAttendance' or baseStatus eq 'Stopped')
Movidesk URL [/ | skip=0]: https://api.movidesk.com/public/v1/tickets?token=7cfc09fb-51fb-4708-b2dc-2b4a4535674e&$select=id%2Csubject%2Cstatus%2CbaseStatus%2CcreatedDate%2ClastActionDate%2ClastUpdate%2CserviceFirstLevelId%2CserviceFirstLevel%2CserviceSecondLevel%2CslaAgreement%2CslaAgreementRule%2CslaSolutionTime%2CslaResponseTime%2CslaSolutionDate%2CslaSolutionDateIsPaused%2CslaResponseDate%2CslaRealResponseDate%2Cjustification%2CownerTeam&$filter=baseStatus ne 'Resolved' and baseStatus ne 'Closed' and baseStatus ne 'Canceled' and ((ownerTeam eq 'VIASOFT - Sistemas Internos')) and customFieldValues/any(cfv: cfv/customFieldId eq 23946 and cfv/items/any(i: i/customFieldItem eq 'Suporte Técnico')) and (baseStatus eq 'New' or baseStatus eq 'InAttendance' or baseStatus eq 'Stopped')&$expand=owner%2Cactions(%24select%3Did%2Ctype%2Corigin%2Cstatus%2CcreatedDate%2Cdescription%3B%24expand%3DcreatedBy)%2CcustomFieldValues(%24expand%3Ditems)%2Cclients(%24expand%3Dorganization)&$orderby=createdDate asc&$top=100&$skip=0
[sync-movidesk] Sincronização incremental: 0 chamado(s) atualizados.
(node:22896) [DEP0169] DeprecationWarning: `url.parse()` behavior is not standardized and prone to errors that have security implications. Use the WHATWG URL API instead. CVEs are not issued for `url.parse()` vulnerabilities.
(Use `node --trace-deprecation ...` to show where the warning was created)
Movidesk ECONNRESET no skip=0. Tentando novamente em 2000ms...
Execucao finalizada em 07/08/2026 13:46:55 (exit code 0)
============================================
Execucao iniciada em 07/08/2026 13:47:15
[07/08/2026, 13:47:16] Iniciando sync-movidesk.js (modo: incremental)
🔍 Incremental sync desde: 2026-08-07T19:37:35Z
Filtro Movidesk: baseStatus ne 'Resolved' and baseStatus ne 'Closed' and baseStatus ne 'Canceled' and ((ownerTeam eq 'VIASOFT - Sistemas Internos')) and customFieldValues/any(cfv: cfv/customFieldId eq 23946 and cfv/items/any(i: i/customFieldItem eq 'Suporte Técnico')) and lastUpdate gt 2026-08-07T19:37:35Z
Movidesk URL [/ | skip=0]: https://api.movidesk.com/public/v1/tickets?token=7cfc09fb-51fb-4708-b2dc-2b4a4535674e&$select=id%2Csubject%2Cstatus%2CbaseStatus%2CcreatedDate%2ClastActionDate%2ClastUpdate%2CserviceFirstLevelId%2CserviceFirstLevel%2CserviceSecondLevel%2CslaAgreement%2CslaAgreementRule%2CslaSolutionTime%2CslaResponseTime%2CslaSolutionDate%2CslaSolutionDateIsPaused%2CslaResponseDate%2CslaRealResponseDate%2Cjustification%2CownerTeam&$filter=baseStatus ne 'Resolved' and baseStatus ne 'Closed' and baseStatus ne 'Canceled' and ((ownerTeam eq 'VIASOFT - Sistemas Internos')) and customFieldValues/any(cfv: cfv/customFieldId eq 23946 and cfv/items/any(i: i/customFieldItem eq 'Suporte Técnico')) and lastUpdate gt 2026-08-07T19:37:35Z&$expand=owner%2Cactions(%24select%3Did%2Ctype%2Corigin%2Cstatus%2CcreatedDate%2Cdescription%3B%24expand%3DcreatedBy)%2CcustomFieldValues(%24expand%3Ditems)%2Cclients(%24expand%3Dorganization)&$orderby=createdDate asc&$top=100&$skip=0
Filtro Movidesk: baseStatus ne 'Resolved' and baseStatus ne 'Closed' and baseStatus ne 'Canceled' and ((ownerTeam eq 'VIASOFT - Sistemas Internos')) and customFieldValues/any(cfv: cfv/customFieldId eq 23946 and cfv/items/any(i: i/customFieldItem eq 'Suporte Técnico')) and (baseStatus eq 'New' or baseStatus eq 'InAttendance' or baseStatus eq 'Stopped')
Movidesk URL [/ | skip=0]: https://api.movidesk.com/public/v1/tickets?token=7cfc09fb-51fb-4708-b2dc-2b4a4535674e&$select=id%2Csubject%2Cstatus%2CbaseStatus%2CcreatedDate%2ClastActionDate%2ClastUpdate%2CserviceFirstLevelId%2CserviceFirstLevel%2CserviceSecondLevel%2CslaAgreement%2CslaAgreementRule%2CslaSolutionTime%2CslaResponseTime%2CslaSolutionDate%2CslaSolutionDateIsPaused%2CslaResponseDate%2CslaRealResponseDate%2Cjustification%2CownerTeam&$filter=baseStatus ne 'Resolved' and baseStatus ne 'Closed' and baseStatus ne 'Canceled' and ((ownerTeam eq 'VIASOFT - Sistemas Internos')) and customFieldValues/any(cfv: cfv/customFieldId eq 23946 and cfv/items/any(i: i/customFieldItem eq 'Suporte Técnico')) and (baseStatus eq 'New' or baseStatus eq 'InAttendance' or baseStatus eq 'Stopped')&$expand=owner%2Cactions(%24select%3Did%2Ctype%2Corigin%2Cstatus%2CcreatedDate%2Cdescription%3B%24expand%3DcreatedBy)%2CcustomFieldValues(%24expand%3Ditems)%2Cclients(%24expand%3Dorganization)&$orderby=createdDate asc&$top=100&$skip=0
[sync-movidesk] Sincronização incremental: 0 chamado(s) atualizados.
(node:24296) [DEP0169] DeprecationWarning: `url.parse()` behavior is not standardized and prone to errors that have security implications. Use the WHATWG URL API instead. CVEs are not issued for `url.parse()` vulnerabilities.
(Use `node --trace-deprecation ...` to show where the warning was created)
Execucao finalizada em 07/08/2026 13:48:02 (exit code 0)
============================================
Execucao iniciada em 07/08/2026 13:49:15
[07/08/2026, 13:49:16] Iniciando sync-movidesk.js (modo: incremental)
🔍 Incremental sync desde: 2026-08-07T19:37:35Z
Filtro Movidesk: baseStatus ne 'Resolved' and baseStatus ne 'Closed' and baseStatus ne 'Canceled' and ((ownerTeam eq 'VIASOFT - Sistemas Internos')) and customFieldValues/any(cfv: cfv/customFieldId eq 23946 and cfv/items/any(i: i/customFieldItem eq 'Suporte Técnico')) and lastUpdate gt 2026-08-07T19:37:35Z
Movidesk URL [/ | skip=0]: https://api.movidesk.com/public/v1/tickets?token=7cfc09fb-51fb-4708-b2dc-2b4a4535674e&$select=id%2Csubject%2Cstatus%2CbaseStatus%2CcreatedDate%2ClastActionDate%2ClastUpdate%2CserviceFirstLevelId%2CserviceFirstLevel%2CserviceSecondLevel%2CslaAgreement%2CslaAgreementRule%2CslaSolutionTime%2CslaResponseTime%2CslaSolutionDate%2CslaSolutionDateIsPaused%2CslaResponseDate%2CslaRealResponseDate%2Cjustification%2CownerTeam&$filter=baseStatus ne 'Resolved' and baseStatus ne 'Closed' and baseStatus ne 'Canceled' and ((ownerTeam eq 'VIASOFT - Sistemas Internos')) and customFieldValues/any(cfv: cfv/customFieldId eq 23946 and cfv/items/any(i: i/customFieldItem eq 'Suporte Técnico')) and lastUpdate gt 2026-08-07T19:37:35Z&$expand=owner%2Cactions(%24select%3Did%2Ctype%2Corigin%2Cstatus%2CcreatedDate%2Cdescription%3B%24expand%3DcreatedBy)%2CcustomFieldValues(%24expand%3Ditems)%2Cclients(%24expand%3Dorganization)&$orderby=createdDate asc&$top=100&$skip=0
Filtro Movidesk: baseStatus ne 'Resolved' and baseStatus ne 'Closed' and baseStatus ne 'Canceled' and ((ownerTeam eq 'VIASOFT - Sistemas Internos')) and customFieldValues/any(cfv: cfv/customFieldId eq 23946 and cfv/items/any(i: i/customFieldItem eq 'Suporte Técnico')) and (baseStatus eq 'New' or baseStatus eq 'InAttendance' or baseStatus eq 'Stopped')
Movidesk URL [/ | skip=0]: https://api.movidesk.com/public/v1/tickets?token=7cfc09fb-51fb-4708-b2dc-2b4a4535674e&$select=id%2Csubject%2Cstatus%2CbaseStatus%2CcreatedDate%2ClastActionDate%2ClastUpdate%2CserviceFirstLevelId%2CserviceFirstLevel%2CserviceSecondLevel%2CslaAgreement%2CslaAgreementRule%2CslaSolutionTime%2CslaResponseTime%2CslaSolutionDate%2CslaSolutionDateIsPaused%2CslaResponseDate%2CslaRealResponseDate%2Cjustification%2CownerTeam&$filter=baseStatus ne 'Resolved' and baseStatus ne 'Closed' and baseStatus ne 'Canceled' and ((ownerTeam eq 'VIASOFT - Sistemas Internos')) and customFieldValues/any(cfv: cfv/customFieldId eq 23946 and cfv/items/any(i: i/customFieldItem eq 'Suporte Técnico')) and (baseStatus eq 'New' or baseStatus eq 'InAttendance' or baseStatus eq 'Stopped')&$expand=owner%2Cactions(%24select%3Did%2Ctype%2Corigin%2Cstatus%2CcreatedDate%2Cdescription%3B%24expand%3DcreatedBy)%2CcustomFieldValues(%24expand%3Ditems)%2Cclients(%24expand%3Dorganization)&$orderby=createdDate asc&$top=100&$skip=0
[sync-movidesk] Sincronização incremental: 0 chamado(s) atualizados.
(node:13668) [DEP0169] DeprecationWarning: `url.parse()` behavior is not standardized and prone to errors that have security implications. Use the WHATWG URL API instead. CVEs are not issued for `url.parse()` vulnerabilities.
(Use `node --trace-deprecation ...` to show where the warning was created)
Execucao finalizada em 07/08/2026 13:50:07 (exit code 0)
============================================
Execucao iniciada em 07/08/2026 13:51:15
[07/08/2026, 13:51:16] Iniciando sync-movidesk.js (modo: incremental)
🔍 Incremental sync desde: 2026-08-07T19:37:35Z
Filtro Movidesk: baseStatus ne 'Resolved' and baseStatus ne 'Closed' and baseStatus ne 'Canceled' and ((ownerTeam eq 'VIASOFT - Sistemas Internos')) and customFieldValues/any(cfv: cfv/customFieldId eq 23946 and cfv/items/any(i: i/customFieldItem eq 'Suporte Técnico')) and lastUpdate gt 2026-08-07T19:37:35Z
Movidesk URL [/ | skip=0]: https://api.movidesk.com/public/v1/tickets?token=7cfc09fb-51fb-4708-b2dc-2b4a4535674e&$select=id%2Csubject%2Cstatus%2CbaseStatus%2CcreatedDate%2ClastActionDate%2ClastUpdate%2CserviceFirstLevelId%2CserviceFirstLevel%2CserviceSecondLevel%2CslaAgreement%2CslaAgreementRule%2CslaSolutionTime%2CslaResponseTime%2CslaSolutionDate%2CslaSolutionDateIsPaused%2CslaResponseDate%2CslaRealResponseDate%2Cjustification%2CownerTeam&$filter=baseStatus ne 'Resolved' and baseStatus ne 'Closed' and baseStatus ne 'Canceled' and ((ownerTeam eq 'VIASOFT - Sistemas Internos')) and customFieldValues/any(cfv: cfv/customFieldId eq 23946 and cfv/items/any(i: i/customFieldItem eq 'Suporte Técnico')) and lastUpdate gt 2026-08-07T19:37:35Z&$expand=owner%2Cactions(%24select%3Did%2Ctype%2Corigin%2Cstatus%2CcreatedDate%2Cdescription%3B%24expand%3DcreatedBy)%2CcustomFieldValues(%24expand%3Ditems)%2Cclients(%24expand%3Dorganization)&$orderby=createdDate asc&$top=100&$skip=0
Filtro Movidesk: baseStatus ne 'Resolved' and baseStatus ne 'Closed' and baseStatus ne 'Canceled' and ((ownerTeam eq 'VIASOFT - Sistemas Internos')) and customFieldValues/any(cfv: cfv/customFieldId eq 23946 and cfv/items/any(i: i/customFieldItem eq 'Suporte Técnico')) and (baseStatus eq 'New' or baseStatus eq 'InAttendance' or baseStatus eq 'Stopped')
Movidesk URL [/ | skip=0]: https://api.movidesk.com/public/v1/tickets?token=7cfc09fb-51fb-4708-b2dc-2b4a4535674e&$select=id%2Csubject%2Cstatus%2CbaseStatus%2CcreatedDate%2ClastActionDate%2ClastUpdate%2CserviceFirstLevelId%2CserviceFirstLevel%2CserviceSecondLevel%2CslaAgreement%2CslaAgreementRule%2CslaSolutionTime%2CslaResponseTime%2CslaSolutionDate%2CslaSolutionDateIsPaused%2CslaResponseDate%2CslaRealResponseDate%2Cjustification%2CownerTeam&$filter=baseStatus ne 'Resolved' and baseStatus ne 'Closed' and baseStatus ne 'Canceled' and ((ownerTeam eq 'VIASOFT - Sistemas Internos')) and customFieldValues/any(cfv: cfv/customFieldId eq 23946 and cfv/items/any(i: i/customFieldItem eq 'Suporte Técnico')) and (baseStatus eq 'New' or baseStatus eq 'InAttendance' or baseStatus eq 'Stopped')&$expand=owner%2Cactions(%24select%3Did%2Ctype%2Corigin%2Cstatus%2CcreatedDate%2Cdescription%3B%24expand%3DcreatedBy)%2CcustomFieldValues(%24expand%3Ditems)%2Cclients(%24expand%3Dorganization)&$orderby=createdDate asc&$top=100&$skip=0
[sync-movidesk] Sincronização incremental: 0 chamado(s) atualizados.
(node:18416) [DEP0169] DeprecationWarning: `url.parse()` behavior is not standardized and prone to errors that have security implications. Use the WHATWG URL API instead. CVEs are not issued for `url.parse()` vulnerabilities.
(Use `node --trace-deprecation ...` to show where the warning was created)
Execucao finalizada em 07/08/2026 13:51:49 (exit code 0)
============================================
Execucao iniciada em 07/08/2026 13:53:15
[07/08/2026, 13:53:16] Iniciando sync-movidesk.js (modo: incremental)
🔍 Incremental sync desde: 2026-08-07T19:37:35Z
Filtro Movidesk: baseStatus ne 'Resolved' and baseStatus ne 'Closed' and baseStatus ne 'Canceled' and ((ownerTeam eq 'VIASOFT - Sistemas Internos')) and customFieldValues/any(cfv: cfv/customFieldId eq 23946 and cfv/items/any(i: i/customFieldItem eq 'Suporte Técnico')) and lastUpdate gt 2026-08-07T19:37:35Z
Movidesk URL [/ | skip=0]: https://api.movidesk.com/public/v1/tickets?token=7cfc09fb-51fb-4708-b2dc-2b4a4535674e&$select=id%2Csubject%2Cstatus%2CbaseStatus%2CcreatedDate%2ClastActionDate%2ClastUpdate%2CserviceFirstLevelId%2CserviceFirstLevel%2CserviceSecondLevel%2CslaAgreement%2CslaAgreementRule%2CslaSolutionTime%2CslaResponseTime%2CslaSolutionDate%2CslaSolutionDateIsPaused%2CslaResponseDate%2CslaRealResponseDate%2Cjustification%2CownerTeam&$filter=baseStatus ne 'Resolved' and baseStatus ne 'Closed' and baseStatus ne 'Canceled' and ((ownerTeam eq 'VIASOFT - Sistemas Internos')) and customFieldValues/any(cfv: cfv/customFieldId eq 23946 and cfv/items/any(i: i/customFieldItem eq 'Suporte Técnico')) and lastUpdate gt 2026-08-07T19:37:35Z&$expand=owner%2Cactions(%24select%3Did%2Ctype%2Corigin%2Cstatus%2CcreatedDate%2Cdescription%3B%24expand%3DcreatedBy)%2CcustomFieldValues(%24expand%3Ditems)%2Cclients(%24expand%3Dorganization)&$orderby=createdDate asc&$top=100&$skip=0
Filtro Movidesk: baseStatus ne 'Resolved' and baseStatus ne 'Closed' and baseStatus ne 'Canceled' and ((ownerTeam eq 'VIASOFT - Sistemas Internos')) and customFieldValues/any(cfv: cfv/customFieldId eq 23946 and cfv/items/any(i: i/customFieldItem eq 'Suporte Técnico')) and (baseStatus eq 'New' or baseStatus eq 'InAttendance' or baseStatus eq 'Stopped')
Movidesk URL [/ | skip=0]: https://api.movidesk.com/public/v1/tickets?token=7cfc09fb-51fb-4708-b2dc-2b4a4535674e&$select=id%2Csubject%2Cstatus%2CbaseStatus%2CcreatedDate%2ClastActionDate%2ClastUpdate%2CserviceFirstLevelId%2CserviceFirstLevel%2CserviceSecondLevel%2CslaAgreement%2CslaAgreementRule%2CslaSolutionTime%2CslaResponseTime%2CslaSolutionDate%2CslaSolutionDateIsPaused%2CslaResponseDate%2CslaRealResponseDate%2Cjustification%2CownerTeam&$filter=baseStatus ne 'Resolved' and baseStatus ne 'Closed' and baseStatus ne 'Canceled' and ((ownerTeam eq 'VIASOFT - Sistemas Internos')) and customFieldValues/any(cfv: cfv/customFieldId eq 23946 and cfv/items/any(i: i/customFieldItem eq 'Suporte Técnico')) and (baseStatus eq 'New' or baseStatus eq 'InAttendance' or baseStatus eq 'Stopped')&$expand=owner%2Cactions(%24select%3Did%2Ctype%2Corigin%2Cstatus%2CcreatedDate%2Cdescription%3B%24expand%3DcreatedBy)%2CcustomFieldValues(%24expand%3Ditems)%2Cclients(%24expand%3Dorganization)&$orderby=createdDate asc&$top=100&$skip=0
[sync-movidesk] Sincronização incremental: 0 chamado(s) atualizados.
(node:19680) [DEP0169] DeprecationWarning: `url.parse()` behavior is not standardized and prone to errors that have security implications. Use the WHATWG URL API instead. CVEs are not issued for `url.parse()` vulnerabilities.
(Use `node --trace-deprecation ...` to show where the warning was created)
Execucao finalizada em 07/08/2026 13:54:24 (exit code 0)
============================================
Execucao iniciada em 07/08/2026 13:55:15
[07/08/2026, 13:55:16] Iniciando sync-movidesk.js (modo: incremental)
🔍 Incremental sync desde: 2026-08-07T19:37:35Z
Filtro Movidesk: baseStatus ne 'Resolved' and baseStatus ne 'Closed' and baseStatus ne 'Canceled' and ((ownerTeam eq 'VIASOFT - Sistemas Internos')) and customFieldValues/any(cfv: cfv/customFieldId eq 23946 and cfv/items/any(i: i/customFieldItem eq 'Suporte Técnico')) and lastUpdate gt 2026-08-07T19:37:35Z
Movidesk URL [/ | skip=0]: https://api.movidesk.com/public/v1/tickets?token=7cfc09fb-51fb-4708-b2dc-2b4a4535674e&$select=id%2Csubject%2Cstatus%2CbaseStatus%2CcreatedDate%2ClastActionDate%2ClastUpdate%2CserviceFirstLevelId%2CserviceFirstLevel%2CserviceSecondLevel%2CslaAgreement%2CslaAgreementRule%2CslaSolutionTime%2CslaResponseTime%2CslaSolutionDate%2CslaSolutionDateIsPaused%2CslaResponseDate%2CslaRealResponseDate%2Cjustification%2CownerTeam&$filter=baseStatus ne 'Resolved' and baseStatus ne 'Closed' and baseStatus ne 'Canceled' and ((ownerTeam eq 'VIASOFT - Sistemas Internos')) and customFieldValues/any(cfv: cfv/customFieldId eq 23946 and cfv/items/any(i: i/customFieldItem eq 'Suporte Técnico')) and lastUpdate gt 2026-08-07T19:37:35Z&$expand=owner%2Cactions(%24select%3Did%2Ctype%2Corigin%2Cstatus%2CcreatedDate%2Cdescription%3B%24expand%3DcreatedBy)%2CcustomFieldValues(%24expand%3Ditems)%2Cclients(%24expand%3Dorganization)&$orderby=createdDate asc&$top=100&$skip=0
Filtro Movidesk: baseStatus ne 'Resolved' and baseStatus ne 'Closed' and baseStatus ne 'Canceled' and ((ownerTeam eq 'VIASOFT - Sistemas Internos')) and customFieldValues/any(cfv: cfv/customFieldId eq 23946 and cfv/items/any(i: i/customFieldItem eq 'Suporte Técnico')) and (baseStatus eq 'New' or baseStatus eq 'InAttendance' or baseStatus eq 'Stopped')
Movidesk URL [/ | skip=0]: https://api.movidesk.com/public/v1/tickets?token=7cfc09fb-51fb-4708-b2dc-2b4a4535674e&$select=id%2Csubject%2Cstatus%2CbaseStatus%2CcreatedDate%2ClastActionDate%2ClastUpdate%2CserviceFirstLevelId%2CserviceFirstLevel%2CserviceSecondLevel%2CslaAgreement%2CslaAgreementRule%2CslaSolutionTime%2CslaResponseTime%2CslaSolutionDate%2CslaSolutionDateIsPaused%2CslaResponseDate%2CslaRealResponseDate%2Cjustification%2CownerTeam&$filter=baseStatus ne 'Resolved' and baseStatus ne 'Closed' and baseStatus ne 'Canceled' and ((ownerTeam eq 'VIASOFT - Sistemas Internos')) and customFieldValues/any(cfv: cfv/customFieldId eq 23946 and cfv/items/any(i: i/customFieldItem eq 'Suporte Técnico')) and (baseStatus eq 'New' or baseStatus eq 'InAttendance' or baseStatus eq 'Stopped')&$expand=owner%2Cactions(%24select%3Did%2Ctype%2Corigin%2Cstatus%2CcreatedDate%2Cdescription%3B%24expand%3DcreatedBy)%2CcustomFieldValues(%24expand%3Ditems)%2Cclients(%24expand%3Dorganization)&$orderby=createdDate asc&$top=100&$skip=0
[sync-movidesk] Sincronização incremental: 0 chamado(s) atualizados.
(node:25160) [DEP0169] DeprecationWarning: `url.parse()` behavior is not standardized and prone to errors that have security implications. Use the WHATWG URL API instead. CVEs are not issued for `url.parse()` vulnerabilities.
(Use `node --trace-deprecation ...` to show where the warning was created)
Execucao finalizada em 07/08/2026 13:56:01 (exit code 0)
============================================
Execucao iniciada em 07/08/2026 13:57:15
[07/08/2026, 13:57:16] Iniciando sync-movidesk.js (modo: incremental)
🔍 Incremental sync desde: 2026-08-07T19:37:35Z
Filtro Movidesk: baseStatus ne 'Resolved' and baseStatus ne 'Closed' and baseStatus ne 'Canceled' and ((ownerTeam eq 'VIASOFT - Sistemas Internos')) and customFieldValues/any(cfv: cfv/customFieldId eq 23946 and cfv/items/any(i: i/customFieldItem eq 'Suporte Técnico')) and lastUpdate gt 2026-08-07T19:37:35Z
Movidesk URL [/ | skip=0]: https://api.movidesk.com/public/v1/tickets?token=7cfc09fb-51fb-4708-b2dc-2b4a4535674e&$select=id%2Csubject%2Cstatus%2CbaseStatus%2CcreatedDate%2ClastActionDate%2ClastUpdate%2CserviceFirstLevelId%2CserviceFirstLevel%2CserviceSecondLevel%2CslaAgreement%2CslaAgreementRule%2CslaSolutionTime%2CslaResponseTime%2CslaSolutionDate%2CslaSolutionDateIsPaused%2CslaResponseDate%2CslaRealResponseDate%2Cjustification%2CownerTeam&$filter=baseStatus ne 'Resolved' and baseStatus ne 'Closed' and baseStatus ne 'Canceled' and ((ownerTeam eq 'VIASOFT - Sistemas Internos')) and customFieldValues/any(cfv: cfv/customFieldId eq 23946 and cfv/items/any(i: i/customFieldItem eq 'Suporte Técnico')) and lastUpdate gt 2026-08-07T19:37:35Z&$expand=owner%2Cactions(%24select%3Did%2Ctype%2Corigin%2Cstatus%2CcreatedDate%2Cdescription%3B%24expand%3DcreatedBy)%2CcustomFieldValues(%24expand%3Ditems)%2Cclients(%24expand%3Dorganization)&$orderby=createdDate asc&$top=100&$skip=0
Filtro Movidesk: baseStatus ne 'Resolved' and baseStatus ne 'Closed' and baseStatus ne 'Canceled' and ((ownerTeam eq 'VIASOFT - Sistemas Internos')) and customFieldValues/any(cfv: cfv/customFieldId eq 23946 and cfv/items/any(i: i/customFieldItem eq 'Suporte Técnico')) and (baseStatus eq 'New' or baseStatus eq 'InAttendance' or baseStatus eq 'Stopped')
Movidesk URL [/ | skip=0]: https://api.movidesk.com/public/v1/tickets?token=7cfc09fb-51fb-4708-b2dc-2b4a4535674e&$select=id%2Csubject%2Cstatus%2CbaseStatus%2CcreatedDate%2ClastActionDate%2ClastUpdate%2CserviceFirstLevelId%2CserviceFirstLevel%2CserviceSecondLevel%2CslaAgreement%2CslaAgreementRule%2CslaSolutionTime%2CslaResponseTime%2CslaSolutionDate%2CslaSolutionDateIsPaused%2CslaResponseDate%2CslaRealResponseDate%2Cjustification%2CownerTeam&$filter=baseStatus ne 'Resolved' and baseStatus ne 'Closed' and baseStatus ne 'Canceled' and ((ownerTeam eq 'VIASOFT - Sistemas Internos')) and customFieldValues/any(cfv: cfv/customFieldId eq 23946 and cfv/items/any(i: i/customFieldItem eq 'Suporte Técnico')) and (baseStatus eq 'New' or baseStatus eq 'InAttendance' or baseStatus eq 'Stopped')&$expand=owner%2Cactions(%24select%3Did%2Ctype%2Corigin%2Cstatus%2CcreatedDate%2Cdescription%3B%24expand%3DcreatedBy)%2CcustomFieldValues(%24expand%3Ditems)%2Cclients(%24expand%3Dorganization)&$orderby=createdDate asc&$top=100&$skip=0
(node:3300) [DEP0169] DeprecationWarning: `url.parse()` behavior is not standardized and prone to errors that have security implications. Use the WHATWG URL API instead. CVEs are not issued for `url.parse()` vulnerabilities.
(Use `node --trace-deprecation ...` to show where the warning was created)
Execucao finalizada em 07/08/2026 13:57:40 (exit code -1073741510)
============================================
Execucao iniciada em 07/08/2026 13:59:15
[07/08/2026, 13:59:16] Iniciando sync-movidesk.js (modo: incremental)
🔍 Incremental sync desde: 2026-08-07T19:37:35Z
Filtro Movidesk: baseStatus ne 'Resolved' and baseStatus ne 'Closed' and baseStatus ne 'Canceled' and ((ownerTeam eq 'VIASOFT - Sistemas Internos')) and customFieldValues/any(cfv: cfv/customFieldId eq 23946 and cfv/items/any(i: i/customFieldItem eq 'Suporte Técnico')) and lastUpdate gt 2026-08-07T19:37:35Z
Movidesk URL [/ | skip=0]: https://api.movidesk.com/public/v1/tickets?token=7cfc09fb-51fb-4708-b2dc-2b4a4535674e&$select=id%2Csubject%2Cstatus%2CbaseStatus%2CcreatedDate%2ClastActionDate%2ClastUpdate%2CserviceFirstLevelId%2CserviceFirstLevel%2CserviceSecondLevel%2CslaAgreement%2CslaAgreementRule%2CslaSolutionTime%2CslaResponseTime%2CslaSolutionDate%2CslaSolutionDateIsPaused%2CslaResponseDate%2CslaRealResponseDate%2Cjustification%2CownerTeam&$filter=baseStatus ne 'Resolved' and baseStatus ne 'Closed' and baseStatus ne 'Canceled' and ((ownerTeam eq 'VIASOFT - Sistemas Internos')) and customFieldValues/any(cfv: cfv/customFieldId eq 23946 and cfv/items/any(i: i/customFieldItem eq 'Suporte Técnico')) and lastUpdate gt 2026-08-07T19:37:35Z&$expand=owner%2Cactions(%24select%3Did%2Ctype%2Corigin%2Cstatus%2CcreatedDate%2Cdescription%3B%24expand%3DcreatedBy)%2CcustomFieldValues(%24expand%3Ditems)%2Cclients(%24expand%3Dorganization)&$orderby=createdDate asc&$top=100&$skip=0
(node:1232) [DEP0169] DeprecationWarning: `url.parse()` behavior is not standardized and prone to errors that have security implications. Use the WHATWG URL API instead. CVEs are not issued for `url.parse()` vulnerabilities.
(Use `node --trace-deprecation ...` to show where the warning was created)
Execucao finalizada em 07/08/2026 13:59:17 (exit code -1073741510)
============================================
Execucao iniciada em 07/08/2026 14:01:15
[07/08/2026, 14:01:16] Iniciando sync-movidesk.js (modo: incremental)
🔍 Incremental sync desde: 2026-08-07T19:37:35Z
Filtro Movidesk: baseStatus ne 'Resolved' and baseStatus ne 'Closed' and baseStatus ne 'Canceled' and ((ownerTeam eq 'VIASOFT - Sistemas Internos')) and customFieldValues/any(cfv: cfv/customFieldId eq 23946 and cfv/items/any(i: i/customFieldItem eq 'Suporte Técnico')) and lastUpdate gt 2026-08-07T19:37:35Z
Movidesk URL [/ | skip=0]: https://api.movidesk.com/public/v1/tickets?token=7cfc09fb-51fb-4708-b2dc-2b4a4535674e&$select=id%2Csubject%2Cstatus%2CbaseStatus%2CcreatedDate%2ClastActionDate%2ClastUpdate%2CserviceFirstLevelId%2CserviceFirstLevel%2CserviceSecondLevel%2CslaAgreement%2CslaAgreementRule%2CslaSolutionTime%2CslaResponseTime%2CslaSolutionDate%2CslaSolutionDateIsPaused%2CslaResponseDate%2CslaRealResponseDate%2Cjustification%2CownerTeam&$filter=baseStatus ne 'Resolved' and baseStatus ne 'Closed' and baseStatus ne 'Canceled' and ((ownerTeam eq 'VIASOFT - Sistemas Internos')) and customFieldValues/any(cfv: cfv/customFieldId eq 23946 and cfv/items/any(i: i/customFieldItem eq 'Suporte Técnico')) and lastUpdate gt 2026-08-07T19:37:35Z&$expand=owner%2Cactions(%24select%3Did%2Ctype%2Corigin%2Cstatus%2CcreatedDate%2Cdescription%3B%24expand%3DcreatedBy)%2CcustomFieldValues(%24expand%3Ditems)%2Cclients(%24expand%3Dorganization)&$orderby=createdDate asc&$top=100&$skip=0
Filtro Movidesk: baseStatus ne 'Resolved' and baseStatus ne 'Closed' and baseStatus ne 'Canceled' and ((ownerTeam eq 'VIASOFT - Sistemas Internos')) and customFieldValues/any(cfv: cfv/customFieldId eq 23946 and cfv/items/any(i: i/customFieldItem eq 'Suporte Técnico')) and (baseStatus eq 'New' or baseStatus eq 'InAttendance' or baseStatus eq 'Stopped')
Movidesk URL [/ | skip=0]: https://api.movidesk.com/public/v1/tickets?token=7cfc09fb-51fb-4708-b2dc-2b4a4535674e&$select=id%2Csubject%2Cstatus%2CbaseStatus%2CcreatedDate%2ClastActionDate%2ClastUpdate%2CserviceFirstLevelId%2CserviceFirstLevel%2CserviceSecondLevel%2CslaAgreement%2CslaAgreementRule%2CslaSolutionTime%2CslaResponseTime%2CslaSolutionDate%2CslaSolutionDateIsPaused%2CslaResponseDate%2CslaRealResponseDate%2Cjustification%2CownerTeam&$filter=baseStatus ne 'Resolved' and baseStatus ne 'Closed' and baseStatus ne 'Canceled' and ((ownerTeam eq 'VIASOFT - Sistemas Internos')) and customFieldValues/any(cfv: cfv/customFieldId eq 23946 and cfv/items/any(i: i/customFieldItem eq 'Suporte Técnico')) and (baseStatus eq 'New' or baseStatus eq 'InAttendance' or baseStatus eq 'Stopped')&$expand=owner%2Cactions(%24select%3Did%2Ctype%2Corigin%2Cstatus%2CcreatedDate%2Cdescription%3B%24expand%3DcreatedBy)%2CcustomFieldValues(%24expand%3Ditems)%2Cclients(%24expand%3Dorganization)&$orderby=createdDate asc&$top=100&$skip=0
[sync-movidesk] Sincronização incremental: 0 chamado(s) atualizados.
(node:27836) [DEP0169] DeprecationWarning: `url.parse()` behavior is not standardized and prone to errors that have security implications. Use the WHATWG URL API instead. CVEs are not issued for `url.parse()` vulnerabilities.
(Use `node --trace-deprecation ...` to show where the warning was created)
Execucao finalizada em 07/08/2026 14:02:02 (exit code 0)
============================================
Execucao iniciada em 07/08/2026 14:03:15
[07/08/2026, 14:03:16] Iniciando sync-movidesk.js (modo: incremental)
🔍 Incremental sync desde: 2026-08-07T19:37:35Z
Filtro Movidesk: baseStatus ne 'Resolved' and baseStatus ne 'Closed' and baseStatus ne 'Canceled' and ((ownerTeam eq 'VIASOFT - Sistemas Internos')) and customFieldValues/any(cfv: cfv/customFieldId eq 23946 and cfv/items/any(i: i/customFieldItem eq 'Suporte Técnico')) and lastUpdate gt 2026-08-07T19:37:35Z
Movidesk URL [/ | skip=0]: https://api.movidesk.com/public/v1/tickets?token=7cfc09fb-51fb-4708-b2dc-2b4a4535674e&$select=id%2Csubject%2Cstatus%2CbaseStatus%2CcreatedDate%2ClastActionDate%2ClastUpdate%2CserviceFirstLevelId%2CserviceFirstLevel%2CserviceSecondLevel%2CslaAgreement%2CslaAgreementRule%2CslaSolutionTime%2CslaResponseTime%2CslaSolutionDate%2CslaSolutionDateIsPaused%2CslaResponseDate%2CslaRealResponseDate%2Cjustification%2CownerTeam&$filter=baseStatus ne 'Resolved' and baseStatus ne 'Closed' and baseStatus ne 'Canceled' and ((ownerTeam eq 'VIASOFT - Sistemas Internos')) and customFieldValues/any(cfv: cfv/customFieldId eq 23946 and cfv/items/any(i: i/customFieldItem eq 'Suporte Técnico')) and lastUpdate gt 2026-08-07T19:37:35Z&$expand=owner%2Cactions(%24select%3Did%2Ctype%2Corigin%2Cstatus%2CcreatedDate%2Cdescription%3B%24expand%3DcreatedBy)%2CcustomFieldValues(%24expand%3Ditems)%2Cclients(%24expand%3Dorganization)&$orderby=createdDate asc&$top=100&$skip=0
(node:5216) [DEP0169] DeprecationWarning: `url.parse()` behavior is not standardized and prone to errors that have security implications. Use the WHATWG URL API instead. CVEs are not issued for `url.parse()` vulnerabilities.
(Use `node --trace-deprecation ...` to show where the warning was created)
Execucao finalizada em 07/08/2026 14:03:31 (exit code -1073741510)
============================================
Execucao iniciada em 07/08/2026 14:05:15
[07/08/2026, 14:05:16] Iniciando sync-movidesk.js (modo: incremental)
🔍 Incremental sync desde: 2026-08-07T19:37:35Z
Filtro Movidesk: baseStatus ne 'Resolved' and baseStatus ne 'Closed' and baseStatus ne 'Canceled' and ((ownerTeam eq 'VIASOFT - Sistemas Internos')) and customFieldValues/any(cfv: cfv/customFieldId eq 23946 and cfv/items/any(i: i/customFieldItem eq 'Suporte Técnico')) and lastUpdate gt 2026-08-07T19:37:35Z
Movidesk URL [/ | skip=0]: https://api.movidesk.com/public/v1/tickets?token=7cfc09fb-51fb-4708-b2dc-2b4a4535674e&$select=id%2Csubject%2Cstatus%2CbaseStatus%2CcreatedDate%2ClastActionDate%2ClastUpdate%2CserviceFirstLevelId%2CserviceFirstLevel%2CserviceSecondLevel%2CslaAgreement%2CslaAgreementRule%2CslaSolutionTime%2CslaResponseTime%2CslaSolutionDate%2CslaSolutionDateIsPaused%2CslaResponseDate%2CslaRealResponseDate%2Cjustification%2CownerTeam&$filter=baseStatus ne 'Resolved' and baseStatus ne 'Closed' and baseStatus ne 'Canceled' and ((ownerTeam eq 'VIASOFT - Sistemas Internos')) and customFieldValues/any(cfv: cfv/customFieldId eq 23946 and cfv/items/any(i: i/customFieldItem eq 'Suporte Técnico')) and lastUpdate gt 2026-08-07T19:37:35Z&$expand=owner%2Cactions(%24select%3Did%2Ctype%2Corigin%2Cstatus%2CcreatedDate%2Cdescription%3B%24expand%3DcreatedBy)%2CcustomFieldValues(%24expand%3Ditems)%2Cclients(%24expand%3Dorganization)&$orderby=createdDate asc&$top=100&$skip=0
(node:21716) [DEP0169] DeprecationWarning: `url.parse()` behavior is not standardized and prone to errors that have security implications. Use the WHATWG URL API instead. CVEs are not issued for `url.parse()` vulnerabilities.
(Use `node --trace-deprecation ...` to show where the warning was created)
Execucao finalizada em 07/08/2026 14:05:27 (exit code -1073741510)
============================================
Execucao iniciada em 07/08/2026 14:07:15
[07/08/2026, 14:07:16] Iniciando sync-movidesk.js (modo: incremental)
🔍 Incremental sync desde: 2026-08-07T19:37:35Z
Filtro Movidesk: baseStatus ne 'Resolved' and baseStatus ne 'Closed' and baseStatus ne 'Canceled' and ((ownerTeam eq 'VIASOFT - Sistemas Internos')) and customFieldValues/any(cfv: cfv/customFieldId eq 23946 and cfv/items/any(i: i/customFieldItem eq 'Suporte Técnico')) and lastUpdate gt 2026-08-07T19:37:35Z
Movidesk URL [/ | skip=0]: https://api.movidesk.com/public/v1/tickets?token=7cfc09fb-51fb-4708-b2dc-2b4a4535674e&$select=id%2Csubject%2Cstatus%2CbaseStatus%2CcreatedDate%2ClastActionDate%2ClastUpdate%2CserviceFirstLevelId%2CserviceFirstLevel%2CserviceSecondLevel%2CslaAgreement%2CslaAgreementRule%2CslaSolutionTime%2CslaResponseTime%2CslaSolutionDate%2CslaSolutionDateIsPaused%2CslaResponseDate%2CslaRealResponseDate%2Cjustification%2CownerTeam&$filter=baseStatus ne 'Resolved' and baseStatus ne 'Closed' and baseStatus ne 'Canceled' and ((ownerTeam eq 'VIASOFT - Sistemas Internos')) and customFieldValues/any(cfv: cfv/customFieldId eq 23946 and cfv/items/any(i: i/customFieldItem eq 'Suporte Técnico')) and lastUpdate gt 2026-08-07T19:37:35Z&$expand=owner%2Cactions(%24select%3Did%2Ctype%2Corigin%2Cstatus%2CcreatedDate%2Cdescription%3B%24expand%3DcreatedBy)%2CcustomFieldValues(%24expand%3Ditems)%2Cclients(%24expand%3Dorganization)&$orderby=createdDate asc&$top=100&$skip=0
(node:22764) [DEP0169] DeprecationWarning: `url.parse()` behavior is not standardized and prone to errors that have security implications. Use the WHATWG URL API instead. CVEs are not issued for `url.parse()` vulnerabilities.
(Use `node --trace-deprecation ...` to show where the warning was created)
Execucao finalizada em 07/08/2026 14:07:17 (exit code -1073741510)
============================================
Execucao iniciada em 07/08/2026 14:09:15
[07/08/2026, 14:09:16] Iniciando sync-movidesk.js (modo: incremental)
🔍 Incremental sync desde: 2026-08-07T19:37:35Z
Filtro Movidesk: baseStatus ne 'Resolved' and baseStatus ne 'Closed' and baseStatus ne 'Canceled' and ((ownerTeam eq 'VIASOFT - Sistemas Internos')) and customFieldValues/any(cfv: cfv/customFieldId eq 23946 and cfv/items/any(i: i/customFieldItem eq 'Suporte Técnico')) and lastUpdate gt 2026-08-07T19:37:35Z
Movidesk URL [/ | skip=0]: https://api.movidesk.com/public/v1/tickets?token=7cfc09fb-51fb-4708-b2dc-2b4a4535674e&$select=id%2Csubject%2Cstatus%2CbaseStatus%2CcreatedDate%2ClastActionDate%2ClastUpdate%2CserviceFirstLevelId%2CserviceFirstLevel%2CserviceSecondLevel%2CslaAgreement%2CslaAgreementRule%2CslaSolutionTime%2CslaResponseTime%2CslaSolutionDate%2CslaSolutionDateIsPaused%2CslaResponseDate%2CslaRealResponseDate%2Cjustification%2CownerTeam&$filter=baseStatus ne 'Resolved' and baseStatus ne 'Closed' and baseStatus ne 'Canceled' and ((ownerTeam eq 'VIASOFT - Sistemas Internos')) and customFieldValues/any(cfv: cfv/customFieldId eq 23946 and cfv/items/any(i: i/customFieldItem eq 'Suporte Técnico')) and lastUpdate gt 2026-08-07T19:37:35Z&$expand=owner%2Cactions(%24select%3Did%2Ctype%2Corigin%2Cstatus%2CcreatedDate%2Cdescription%3B%24expand%3DcreatedBy)%2CcustomFieldValues(%24expand%3Ditems)%2Cclients(%24expand%3Dorganization)&$orderby=createdDate asc&$top=100&$skip=0
Filtro Movidesk: baseStatus ne 'Resolved' and baseStatus ne 'Closed' and baseStatus ne 'Canceled' and ((ownerTeam eq 'VIASOFT - Sistemas Internos')) and customFieldValues/any(cfv: cfv/customFieldId eq 23946 and cfv/items/any(i: i/customFieldItem eq 'Suporte Técnico')) and (baseStatus eq 'New' or baseStatus eq 'InAttendance' or baseStatus eq 'Stopped')
Movidesk URL [/ | skip=0]: https://api.movidesk.com/public/v1/tickets?token=7cfc09fb-51fb-4708-b2dc-2b4a4535674e&$select=id%2Csubject%2Cstatus%2CbaseStatus%2CcreatedDate%2ClastActionDate%2ClastUpdate%2CserviceFirstLevelId%2CserviceFirstLevel%2CserviceSecondLevel%2CslaAgreement%2CslaAgreementRule%2CslaSolutionTime%2CslaResponseTime%2CslaSolutionDate%2CslaSolutionDateIsPaused%2CslaResponseDate%2CslaRealResponseDate%2Cjustification%2CownerTeam&$filter=baseStatus ne 'Resolved' and baseStatus ne 'Closed' and baseStatus ne 'Canceled' and ((ownerTeam eq 'VIASOFT - Sistemas Internos')) and customFieldValues/any(cfv: cfv/customFieldId eq 23946 and cfv/items/any(i: i/customFieldItem eq 'Suporte Técnico')) and (baseStatus eq 'New' or baseStatus eq 'InAttendance' or baseStatus eq 'Stopped')&$expand=owner%2Cactions(%24select%3Did%2Ctype%2Corigin%2Cstatus%2CcreatedDate%2Cdescription%3B%24expand%3DcreatedBy)%2CcustomFieldValues(%24expand%3Ditems)%2Cclients(%24expand%3Dorganization)&$orderby=createdDate asc&$top=100&$skip=0
[sync-movidesk] Sincronização incremental: 0 chamado(s) atualizados.
(node:8928) [DEP0169] DeprecationWarning: `url.parse()` behavior is not standardized and prone to errors that have security implications. Use the WHATWG URL API instead. CVEs are not issued for `url.parse()` vulnerabilities.
(Use `node --trace-deprecation ...` to show where the warning was created)
Execucao finalizada em 07/08/2026 14:09:42 (exit code 0)
============================================
Execucao iniciada em 07/08/2026 14:11:15
[07/08/2026, 14:11:16] Iniciando sync-movidesk.js (modo: incremental)
🔍 Incremental sync desde: 2026-08-07T19:37:35Z
Filtro Movidesk: baseStatus ne 'Resolved' and baseStatus ne 'Closed' and baseStatus ne 'Canceled' and ((ownerTeam eq 'VIASOFT - Sistemas Internos')) and customFieldValues/any(cfv: cfv/customFieldId eq 23946 and cfv/items/any(i: i/customFieldItem eq 'Suporte Técnico')) and lastUpdate gt 2026-08-07T19:37:35Z
Movidesk URL [/ | skip=0]: https://api.movidesk.com/public/v1/tickets?token=7cfc09fb-51fb-4708-b2dc-2b4a4535674e&$select=id%2Csubject%2Cstatus%2CbaseStatus%2CcreatedDate%2ClastActionDate%2ClastUpdate%2CserviceFirstLevelId%2CserviceFirstLevel%2CserviceSecondLevel%2CslaAgreement%2CslaAgreementRule%2CslaSolutionTime%2CslaResponseTime%2CslaSolutionDate%2CslaSolutionDateIsPaused%2CslaResponseDate%2CslaRealResponseDate%2Cjustification%2CownerTeam&$filter=baseStatus ne 'Resolved' and baseStatus ne 'Closed' and baseStatus ne 'Canceled' and ((ownerTeam eq 'VIASOFT - Sistemas Internos')) and customFieldValues/any(cfv: cfv/customFieldId eq 23946 and cfv/items/any(i: i/customFieldItem eq 'Suporte Técnico')) and lastUpdate gt 2026-08-07T19:37:35Z&$expand=owner%2Cactions(%24select%3Did%2Ctype%2Corigin%2Cstatus%2CcreatedDate%2Cdescription%3B%24expand%3DcreatedBy)%2CcustomFieldValues(%24expand%3Ditems)%2Cclients(%24expand%3Dorganization)&$orderby=createdDate asc&$top=100&$skip=0
(node:22504) [DEP0169] DeprecationWarning: `url.parse()` behavior is not standardized and prone to errors that have security implications. Use the WHATWG URL API instead. CVEs are not issued for `url.parse()` vulnerabilities.
(Use `node --trace-deprecation ...` to show where the warning was created)
Execucao finalizada em 07/08/2026 14:11:22 (exit code -1073741510)
============================================
Execucao iniciada em 07/08/2026 14:13:15
[07/08/2026, 14:13:16] Iniciando sync-movidesk.js (modo: incremental)
🔍 Incremental sync desde: 2026-08-07T19:37:35Z
Filtro Movidesk: baseStatus ne 'Resolved' and baseStatus ne 'Closed' and baseStatus ne 'Canceled' and ((ownerTeam eq 'VIASOFT - Sistemas Internos')) and customFieldValues/any(cfv: cfv/customFieldId eq 23946 and cfv/items/any(i: i/customFieldItem eq 'Suporte Técnico')) and lastUpdate gt 2026-08-07T19:37:35Z
Movidesk URL [/ | skip=0]: https://api.movidesk.com/public/v1/tickets?token=7cfc09fb-51fb-4708-b2dc-2b4a4535674e&$select=id%2Csubject%2Cstatus%2CbaseStatus%2CcreatedDate%2ClastActionDate%2ClastUpdate%2CserviceFirstLevelId%2CserviceFirstLevel%2CserviceSecondLevel%2CslaAgreement%2CslaAgreementRule%2CslaSolutionTime%2CslaResponseTime%2CslaSolutionDate%2CslaSolutionDateIsPaused%2CslaResponseDate%2CslaRealResponseDate%2Cjustification%2CownerTeam&$filter=baseStatus ne 'Resolved' and baseStatus ne 'Closed' and baseStatus ne 'Canceled' and ((ownerTeam eq 'VIASOFT - Sistemas Internos')) and customFieldValues/any(cfv: cfv/customFieldId eq 23946 and cfv/items/any(i: i/customFieldItem eq 'Suporte Técnico')) and lastUpdate gt 2026-08-07T19:37:35Z&$expand=owner%2Cactions(%24select%3Did%2Ctype%2Corigin%2Cstatus%2CcreatedDate%2Cdescription%3B%24expand%3DcreatedBy)%2CcustomFieldValues(%24expand%3Ditems)%2Cclients(%24expand%3Dorganization)&$orderby=createdDate asc&$top=100&$skip=0
(node:2416) [DEP0169] DeprecationWarning: `url.parse()` behavior is not standardized and prone to errors that have security implications. Use the WHATWG URL API instead. CVEs are not issued for `url.parse()` vulnerabilities.
(Use `node --trace-deprecation ...` to show where the warning was created)
Execucao finalizada em 07/08/2026 14:13:17 (exit code -1073741510)
============================================
Execucao iniciada em 07/08/2026 14:15:15
[07/08/2026, 14:15:16] Iniciando sync-movidesk.js (modo: incremental)
🔍 Incremental sync desde: 2026-08-07T19:37:35Z
Filtro Movidesk: baseStatus ne 'Resolved' and baseStatus ne 'Closed' and baseStatus ne 'Canceled' and ((ownerTeam eq 'VIASOFT - Sistemas Internos')) and customFieldValues/any(cfv: cfv/customFieldId eq 23946 and cfv/items/any(i: i/customFieldItem eq 'Suporte Técnico')) and lastUpdate gt 2026-08-07T19:37:35Z
Movidesk URL [/ | skip=0]: https://api.movidesk.com/public/v1/tickets?token=7cfc09fb-51fb-4708-b2dc-2b4a4535674e&$select=id%2Csubject%2Cstatus%2CbaseStatus%2CcreatedDate%2ClastActionDate%2ClastUpdate%2CserviceFirstLevelId%2CserviceFirstLevel%2CserviceSecondLevel%2CslaAgreement%2CslaAgreementRule%2CslaSolutionTime%2CslaResponseTime%2CslaSolutionDate%2CslaSolutionDateIsPaused%2CslaResponseDate%2CslaRealResponseDate%2Cjustification%2CownerTeam&$filter=baseStatus ne 'Resolved' and baseStatus ne 'Closed' and baseStatus ne 'Canceled' and ((ownerTeam eq 'VIASOFT - Sistemas Internos')) and customFieldValues/any(cfv: cfv/customFieldId eq 23946 and cfv/items/any(i: i/customFieldItem eq 'Suporte Técnico')) and lastUpdate gt 2026-08-07T19:37:35Z&$expand=owner%2Cactions(%24select%3Did%2Ctype%2Corigin%2Cstatus%2CcreatedDate%2Cdescription%3B%24expand%3DcreatedBy)%2CcustomFieldValues(%24expand%3Ditems)%2Cclients(%24expand%3Dorganization)&$orderby=createdDate asc&$top=100&$skip=0
Filtro Movidesk: baseStatus ne 'Resolved' and baseStatus ne 'Closed' and baseStatus ne 'Canceled' and ((ownerTeam eq 'VIASOFT - Sistemas Internos')) and customFieldValues/any(cfv: cfv/customFieldId eq 23946 and cfv/items/any(i: i/customFieldItem eq 'Suporte Técnico')) and (baseStatus eq 'New' or baseStatus eq 'InAttendance' or baseStatus eq 'Stopped')
Movidesk URL [/ | skip=0]: https://api.movidesk.com/public/v1/tickets?token=7cfc09fb-51fb-4708-b2dc-2b4a4535674e&$select=id%2Csubject%2Cstatus%2CbaseStatus%2CcreatedDate%2ClastActionDate%2ClastUpdate%2CserviceFirstLevelId%2CserviceFirstLevel%2CserviceSecondLevel%2CslaAgreement%2CslaAgreementRule%2CslaSolutionTime%2CslaResponseTime%2CslaSolutionDate%2CslaSolutionDateIsPaused%2CslaResponseDate%2CslaRealResponseDate%2Cjustification%2CownerTeam&$filter=baseStatus ne 'Resolved' and baseStatus ne 'Closed' and baseStatus ne 'Canceled' and ((ownerTeam eq 'VIASOFT - Sistemas Internos')) and customFieldValues/any(cfv: cfv/customFieldId eq 23946 and cfv/items/any(i: i/customFieldItem eq 'Suporte Técnico')) and (baseStatus eq 'New' or baseStatus eq 'InAttendance' or baseStatus eq 'Stopped')&$expand=owner%2Cactions(%24select%3Did%2Ctype%2Corigin%2Cstatus%2CcreatedDate%2Cdescription%3B%24expand%3DcreatedBy)%2CcustomFieldValues(%24expand%3Ditems)%2Cclients(%24expand%3Dorganization)&$orderby=createdDate asc&$top=100&$skip=0
[sync-movidesk] Sincronização incremental: 0 chamado(s) atualizados.
(node:25920) [DEP0169] DeprecationWarning: `url.parse()` behavior is not standardized and prone to errors that have security implications. Use the WHATWG URL API instead. CVEs are not issued for `url.parse()` vulnerabilities.
(Use `node --trace-deprecation ...` to show where the warning was created)
Execucao finalizada em 07/08/2026 14:16:17 (exit code 0)
============================================
Execucao iniciada em 07/08/2026 14:17:15
[07/08/2026, 14:17:16] Iniciando sync-movidesk.js (modo: incremental)
🔍 Incremental sync desde: 2026-08-07T19:37:35Z
Filtro Movidesk: baseStatus ne 'Resolved' and baseStatus ne 'Closed' and baseStatus ne 'Canceled' and ((ownerTeam eq 'VIASOFT - Sistemas Internos')) and customFieldValues/any(cfv: cfv/customFieldId eq 23946 and cfv/items/any(i: i/customFieldItem eq 'Suporte Técnico')) and lastUpdate gt 2026-08-07T19:37:35Z
Movidesk URL [/ | skip=0]: https://api.movidesk.com/public/v1/tickets?token=7cfc09fb-51fb-4708-b2dc-2b4a4535674e&$select=id%2Csubject%2Cstatus%2CbaseStatus%2CcreatedDate%2ClastActionDate%2ClastUpdate%2CserviceFirstLevelId%2CserviceFirstLevel%2CserviceSecondLevel%2CslaAgreement%2CslaAgreementRule%2CslaSolutionTime%2CslaResponseTime%2CslaSolutionDate%2CslaSolutionDateIsPaused%2CslaResponseDate%2CslaRealResponseDate%2Cjustification%2CownerTeam&$filter=baseStatus ne 'Resolved' and baseStatus ne 'Closed' and baseStatus ne 'Canceled' and ((ownerTeam eq 'VIASOFT - Sistemas Internos')) and customFieldValues/any(cfv: cfv/customFieldId eq 23946 and cfv/items/any(i: i/customFieldItem eq 'Suporte Técnico')) and lastUpdate gt 2026-08-07T19:37:35Z&$expand=owner%2Cactions(%24select%3Did%2Ctype%2Corigin%2Cstatus%2CcreatedDate%2Cdescription%3B%24expand%3DcreatedBy)%2CcustomFieldValues(%24expand%3Ditems)%2Cclients(%24expand%3Dorganization)&$orderby=createdDate asc&$top=100&$skip=0
(node:27776) [DEP0169] DeprecationWarning: `url.parse()` behavior is not standardized and prone to errors that have security implications. Use the WHATWG URL API instead. CVEs are not issued for `url.parse()` vulnerabilities.
(Use `node --trace-deprecation ...` to show where the warning was created)
Execucao finalizada em 07/08/2026 14:17:21 (exit code -1073741510)
============================================
Execucao iniciada em 07/08/2026 14:19:15
[07/08/2026, 14:19:16] Iniciando sync-movidesk.js (modo: incremental)
🔍 Incremental sync desde: 2026-08-07T19:37:35Z
Filtro Movidesk: baseStatus ne 'Resolved' and baseStatus ne 'Closed' and baseStatus ne 'Canceled' and ((ownerTeam eq 'VIASOFT - Sistemas Internos')) and customFieldValues/any(cfv: cfv/customFieldId eq 23946 and cfv/items/any(i: i/customFieldItem eq 'Suporte Técnico')) and lastUpdate gt 2026-08-07T19:37:35Z
Movidesk URL [/ | skip=0]: https://api.movidesk.com/public/v1/tickets?token=7cfc09fb-51fb-4708-b2dc-2b4a4535674e&$select=id%2Csubject%2Cstatus%2CbaseStatus%2CcreatedDate%2ClastActionDate%2ClastUpdate%2CserviceFirstLevelId%2CserviceFirstLevel%2CserviceSecondLevel%2CslaAgreement%2CslaAgreementRule%2CslaSolutionTime%2CslaResponseTime%2CslaSolutionDate%2CslaSolutionDateIsPaused%2CslaResponseDate%2CslaRealResponseDate%2Cjustification%2CownerTeam&$filter=baseStatus ne 'Resolved' and baseStatus ne 'Closed' and baseStatus ne 'Canceled' and ((ownerTeam eq 'VIASOFT - Sistemas Internos')) and customFieldValues/any(cfv: cfv/customFieldId eq 23946 and cfv/items/any(i: i/customFieldItem eq 'Suporte Técnico')) and lastUpdate gt 2026-08-07T19:37:35Z&$expand=owner%2Cactions(%24select%3Did%2Ctype%2Corigin%2Cstatus%2CcreatedDate%2Cdescription%3B%24expand%3DcreatedBy)%2CcustomFieldValues(%24expand%3Ditems)%2Cclients(%24expand%3Dorganization)&$orderby=createdDate asc&$top=100&$skip=0
Filtro Movidesk: baseStatus ne 'Resolved' and baseStatus ne 'Closed' and baseStatus ne 'Canceled' and ((ownerTeam eq 'VIASOFT - Sistemas Internos')) and customFieldValues/any(cfv: cfv/customFieldId eq 23946 and cfv/items/any(i: i/customFieldItem eq 'Suporte Técnico')) and (baseStatus eq 'New' or baseStatus eq 'InAttendance' or baseStatus eq 'Stopped')
Movidesk URL [/ | skip=0]: https://api.movidesk.com/public/v1/tickets?token=7cfc09fb-51fb-4708-b2dc-2b4a4535674e&$select=id%2Csubject%2Cstatus%2CbaseStatus%2CcreatedDate%2ClastActionDate%2ClastUpdate%2CserviceFirstLevelId%2CserviceFirstLevel%2CserviceSecondLevel%2CslaAgreement%2CslaAgreementRule%2CslaSolutionTime%2CslaResponseTime%2CslaSolutionDate%2CslaSolutionDateIsPaused%2CslaResponseDate%2CslaRealResponseDate%2Cjustification%2CownerTeam&$filter=baseStatus ne 'Resolved' and baseStatus ne 'Closed' and baseStatus ne 'Canceled' and ((ownerTeam eq 'VIASOFT - Sistemas Internos')) and customFieldValues/any(cfv: cfv/customFieldId eq 23946 and cfv/items/any(i: i/customFieldItem eq 'Suporte Técnico')) and (baseStatus eq 'New' or baseStatus eq 'InAttendance' or baseStatus eq 'Stopped')&$expand=owner%2Cactions(%24select%3Did%2Ctype%2Corigin%2Cstatus%2CcreatedDate%2Cdescription%3B%24expand%3DcreatedBy)%2CcustomFieldValues(%24expand%3Ditems)%2Cclients(%24expand%3Dorganization)&$orderby=createdDate asc&$top=100&$skip=0
[sync-movidesk] Sincronização incremental: 0 chamado(s) atualizados.
(node:27692) [DEP0169] DeprecationWarning: `url.parse()` behavior is not standardized and prone to errors that have security implications. Use the WHATWG URL API instead. CVEs are not issued for `url.parse()` vulnerabilities.
(Use `node --trace-deprecation ...` to show where the warning was created)
Execucao finalizada em 07/08/2026 14:19:52 (exit code 0)
============================================
Execucao iniciada em 07/08/2026 14:21:15
[07/08/2026, 14:21:16] Iniciando sync-movidesk.js (modo: incremental)
🔍 Incremental sync desde: 2026-08-07T19:37:35Z
Filtro Movidesk: baseStatus ne 'Resolved' and baseStatus ne 'Closed' and baseStatus ne 'Canceled' and ((ownerTeam eq 'VIASOFT - Sistemas Internos')) and customFieldValues/any(cfv: cfv/customFieldId eq 23946 and cfv/items/any(i: i/customFieldItem eq 'Suporte Técnico')) and lastUpdate gt 2026-08-07T19:37:35Z
Movidesk URL [/ | skip=0]: https://api.movidesk.com/public/v1/tickets?token=7cfc09fb-51fb-4708-b2dc-2b4a4535674e&$select=id%2Csubject%2Cstatus%2CbaseStatus%2CcreatedDate%2ClastActionDate%2ClastUpdate%2CserviceFirstLevelId%2CserviceFirstLevel%2CserviceSecondLevel%2CslaAgreement%2CslaAgreementRule%2CslaSolutionTime%2CslaResponseTime%2CslaSolutionDate%2CslaSolutionDateIsPaused%2CslaResponseDate%2CslaRealResponseDate%2Cjustification%2CownerTeam&$filter=baseStatus ne 'Resolved' and baseStatus ne 'Closed' and baseStatus ne 'Canceled' and ((ownerTeam eq 'VIASOFT - Sistemas Internos')) and customFieldValues/any(cfv: cfv/customFieldId eq 23946 and cfv/items/any(i: i/customFieldItem eq 'Suporte Técnico')) and lastUpdate gt 2026-08-07T19:37:35Z&$expand=owner%2Cactions(%24select%3Did%2Ctype%2Corigin%2Cstatus%2CcreatedDate%2Cdescription%3B%24expand%3DcreatedBy)%2CcustomFieldValues(%24expand%3Ditems)%2Cclients(%24expand%3Dorganization)&$orderby=createdDate asc&$top=100&$skip=0
Filtro Movidesk: baseStatus ne 'Resolved' and baseStatus ne 'Closed' and baseStatus ne 'Canceled' and ((ownerTeam eq 'VIASOFT - Sistemas Internos')) and customFieldValues/any(cfv: cfv/customFieldId eq 23946 and cfv/items/any(i: i/customFieldItem eq 'Suporte Técnico')) and (baseStatus eq 'New' or baseStatus eq 'InAttendance' or baseStatus eq 'Stopped')
Movidesk URL [/ | skip=0]: https://api.movidesk.com/public/v1/tickets?token=7cfc09fb-51fb-4708-b2dc-2b4a4535674e&$select=id%2Csubject%2Cstatus%2CbaseStatus%2CcreatedDate%2ClastActionDate%2ClastUpdate%2CserviceFirstLevelId%2CserviceFirstLevel%2CserviceSecondLevel%2CslaAgreement%2CslaAgreementRule%2CslaSolutionTime%2CslaResponseTime%2CslaSolutionDate%2CslaSolutionDateIsPaused%2CslaResponseDate%2CslaRealResponseDate%2Cjustification%2CownerTeam&$filter=baseStatus ne 'Resolved' and baseStatus ne 'Closed' and baseStatus ne 'Canceled' and ((ownerTeam eq 'VIASOFT - Sistemas Internos')) and customFieldValues/any(cfv: cfv/customFieldId eq 23946 and cfv/items/any(i: i/customFieldItem eq 'Suporte Técnico')) and (baseStatus eq 'New' or baseStatus eq 'InAttendance' or baseStatus eq 'Stopped')&$expand=owner%2Cactions(%24select%3Did%2Ctype%2Corigin%2Cstatus%2CcreatedDate%2Cdescription%3B%24expand%3DcreatedBy)%2CcustomFieldValues(%24expand%3Ditems)%2Cclients(%24expand%3Dorganization)&$orderby=createdDate asc&$top=100&$skip=0
(node:16236) [DEP0169] DeprecationWarning: `url.parse()` behavior is not standardized and prone to errors that have security implications. Use the WHATWG URL API instead. CVEs are not issued for `url.parse()` vulnerabilities.
(Use `node --trace-deprecation ...` to show where the warning was created)
Execucao finalizada em 07/08/2026 14:21:20 (exit code -1073741510)
============================================
Execucao iniciada em 07/08/2026 14:23:15
[07/08/2026, 14:23:16] Iniciando sync-movidesk.js (modo: incremental)
🔍 Incremental sync desde: 2026-08-07T19:37:35Z
Filtro Movidesk: baseStatus ne 'Resolved' and baseStatus ne 'Closed' and baseStatus ne 'Canceled' and ((ownerTeam eq 'VIASOFT - Sistemas Internos')) and customFieldValues/any(cfv: cfv/customFieldId eq 23946 and cfv/items/any(i: i/customFieldItem eq 'Suporte Técnico')) and lastUpdate gt 2026-08-07T19:37:35Z
Movidesk URL [/ | skip=0]: https://api.movidesk.com/public/v1/tickets?token=7cfc09fb-51fb-4708-b2dc-2b4a4535674e&$select=id%2Csubject%2Cstatus%2CbaseStatus%2CcreatedDate%2ClastActionDate%2ClastUpdate%2CserviceFirstLevelId%2CserviceFirstLevel%2CserviceSecondLevel%2CslaAgreement%2CslaAgreementRule%2CslaSolutionTime%2CslaResponseTime%2CslaSolutionDate%2CslaSolutionDateIsPaused%2CslaResponseDate%2CslaRealResponseDate%2Cjustification%2CownerTeam&$filter=baseStatus ne 'Resolved' and baseStatus ne 'Closed' and baseStatus ne 'Canceled' and ((ownerTeam eq 'VIASOFT - Sistemas Internos')) and customFieldValues/any(cfv: cfv/customFieldId eq 23946 and cfv/items/any(i: i/customFieldItem eq 'Suporte Técnico')) and lastUpdate gt 2026-08-07T19:37:35Z&$expand=owner%2Cactions(%24select%3Did%2Ctype%2Corigin%2Cstatus%2CcreatedDate%2Cdescription%3B%24expand%3DcreatedBy)%2CcustomFieldValues(%24expand%3Ditems)%2Cclients(%24expand%3Dorganization)&$orderby=createdDate asc&$top=100&$skip=0
Filtro Movidesk: baseStatus ne 'Resolved' and baseStatus ne 'Closed' and baseStatus ne 'Canceled' and ((ownerTeam eq 'VIASOFT - Sistemas Internos')) and customFieldValues/any(cfv: cfv/customFieldId eq 23946 and cfv/items/any(i: i/customFieldItem eq 'Suporte Técnico')) and (baseStatus eq 'New' or baseStatus eq 'InAttendance' or baseStatus eq 'Stopped')
Movidesk URL [/ | skip=0]: https://api.movidesk.com/public/v1/tickets?token=7cfc09fb-51fb-4708-b2dc-2b4a4535674e&$select=id%2Csubject%2Cstatus%2CbaseStatus%2CcreatedDate%2ClastActionDate%2ClastUpdate%2CserviceFirstLevelId%2CserviceFirstLevel%2CserviceSecondLevel%2CslaAgreement%2CslaAgreementRule%2CslaSolutionTime%2CslaResponseTime%2CslaSolutionDate%2CslaSolutionDateIsPaused%2CslaResponseDate%2CslaRealResponseDate%2Cjustification%2CownerTeam&$filter=baseStatus ne 'Resolved' and baseStatus ne 'Closed' and baseStatus ne 'Canceled' and ((ownerTeam eq 'VIASOFT - Sistemas Internos')) and customFieldValues/any(cfv: cfv/customFieldId eq 23946 and cfv/items/any(i: i/customFieldItem eq 'Suporte Técnico')) and (baseStatus eq 'New' or baseStatus eq 'InAttendance' or baseStatus eq 'Stopped')&$expand=owner%2Cactions(%24select%3Did%2Ctype%2Corigin%2Cstatus%2CcreatedDate%2Cdescription%3B%24expand%3DcreatedBy)%2CcustomFieldValues(%24expand%3Ditems)%2Cclients(%24expand%3Dorganization)&$orderby=createdDate asc&$top=100&$skip=0
[sync-movidesk] Sincronização incremental: 0 chamado(s) atualizados.
(node:31736) [DEP0169] DeprecationWarning: `url.parse()` behavior is not standardized and prone to errors that have security implications. Use the WHATWG URL API instead. CVEs are not issued for `url.parse()` vulnerabilities.
(Use `node --trace-deprecation ...` to show where the warning was created)
Execucao finalizada em 07/08/2026 14:23:59 (exit code 0)
============================================
Execucao iniciada em 07/08/2026 14:25:15
[07/08/2026, 14:25:16] Iniciando sync-movidesk.js (modo: incremental)
🔍 Incremental sync desde: 2026-08-07T19:37:35Z
Filtro Movidesk: baseStatus ne 'Resolved' and baseStatus ne 'Closed' and baseStatus ne 'Canceled' and ((ownerTeam eq 'VIASOFT - Sistemas Internos')) and customFieldValues/any(cfv: cfv/customFieldId eq 23946 and cfv/items/any(i: i/customFieldItem eq 'Suporte Técnico')) and lastUpdate gt 2026-08-07T19:37:35Z
Movidesk URL [/ | skip=0]: https://api.movidesk.com/public/v1/tickets?token=7cfc09fb-51fb-4708-b2dc-2b4a4535674e&$select=id%2Csubject%2Cstatus%2CbaseStatus%2CcreatedDate%2ClastActionDate%2ClastUpdate%2CserviceFirstLevelId%2CserviceFirstLevel%2CserviceSecondLevel%2CslaAgreement%2CslaAgreementRule%2CslaSolutionTime%2CslaResponseTime%2CslaSolutionDate%2CslaSolutionDateIsPaused%2CslaResponseDate%2CslaRealResponseDate%2Cjustification%2CownerTeam&$filter=baseStatus ne 'Resolved' and baseStatus ne 'Closed' and baseStatus ne 'Canceled' and ((ownerTeam eq 'VIASOFT - Sistemas Internos')) and customFieldValues/any(cfv: cfv/customFieldId eq 23946 and cfv/items/any(i: i/customFieldItem eq 'Suporte Técnico')) and lastUpdate gt 2026-08-07T19:37:35Z&$expand=owner%2Cactions(%24select%3Did%2Ctype%2Corigin%2Cstatus%2CcreatedDate%2Cdescription%3B%24expand%3DcreatedBy)%2CcustomFieldValues(%24expand%3Ditems)%2Cclients(%24expand%3Dorganization)&$orderby=createdDate asc&$top=100&$skip=0
(node:24232) [DEP0169] DeprecationWarning: `url.parse()` behavior is not standardized and prone to errors that have security implications. Use the WHATWG URL API instead. CVEs are not issued for `url.parse()` vulnerabilities.
(Use `node --trace-deprecation ...` to show where the warning was created)
Execucao finalizada em 07/08/2026 14:25:26 (exit code -1073741510)
============================================
Execucao iniciada em 07/08/2026 14:27:15
[07/08/2026, 14:27:16] Iniciando sync-movidesk.js (modo: incremental)
🔍 Incremental sync desde: 2026-08-07T19:37:35Z
Filtro Movidesk: baseStatus ne 'Resolved' and baseStatus ne 'Closed' and baseStatus ne 'Canceled' and ((ownerTeam eq 'VIASOFT - Sistemas Internos')) and customFieldValues/any(cfv: cfv/customFieldId eq 23946 and cfv/items/any(i: i/customFieldItem eq 'Suporte Técnico')) and lastUpdate gt 2026-08-07T19:37:35Z
Movidesk URL [/ | skip=0]: https://api.movidesk.com/public/v1/tickets?token=7cfc09fb-51fb-4708-b2dc-2b4a4535674e&$select=id%2Csubject%2Cstatus%2CbaseStatus%2CcreatedDate%2ClastActionDate%2ClastUpdate%2CserviceFirstLevelId%2CserviceFirstLevel%2CserviceSecondLevel%2CslaAgreement%2CslaAgreementRule%2CslaSolutionTime%2CslaResponseTime%2CslaSolutionDate%2CslaSolutionDateIsPaused%2CslaResponseDate%2CslaRealResponseDate%2Cjustification%2CownerTeam&$filter=baseStatus ne 'Resolved' and baseStatus ne 'Closed' and baseStatus ne 'Canceled' and ((ownerTeam eq 'VIASOFT - Sistemas Internos')) and customFieldValues/any(cfv: cfv/customFieldId eq 23946 and cfv/items/any(i: i/customFieldItem eq 'Suporte Técnico')) and lastUpdate gt 2026-08-07T19:37:35Z&$expand=owner%2Cactions(%24select%3Did%2Ctype%2Corigin%2Cstatus%2CcreatedDate%2Cdescription%3B%24expand%3DcreatedBy)%2CcustomFieldValues(%24expand%3Ditems)%2Cclients(%24expand%3Dorganization)&$orderby=createdDate asc&$top=100&$skip=0
Filtro Movidesk: baseStatus ne 'Resolved' and baseStatus ne 'Closed' and baseStatus ne 'Canceled' and ((ownerTeam eq 'VIASOFT - Sistemas Internos')) and customFieldValues/any(cfv: cfv/customFieldId eq 23946 and cfv/items/any(i: i/customFieldItem eq 'Suporte Técnico')) and (baseStatus eq 'New' or baseStatus eq 'InAttendance' or baseStatus eq 'Stopped')
Movidesk URL [/ | skip=0]: https://api.movidesk.com/public/v1/tickets?token=7cfc09fb-51fb-4708-b2dc-2b4a4535674e&$select=id%2Csubject%2Cstatus%2CbaseStatus%2CcreatedDate%2ClastActionDate%2ClastUpdate%2CserviceFirstLevelId%2CserviceFirstLevel%2CserviceSecondLevel%2CslaAgreement%2CslaAgreementRule%2CslaSolutionTime%2CslaResponseTime%2CslaSolutionDate%2CslaSolutionDateIsPaused%2CslaResponseDate%2CslaRealResponseDate%2Cjustification%2CownerTeam&$filter=baseStatus ne 'Resolved' and baseStatus ne 'Closed' and baseStatus ne 'Canceled' and ((ownerTeam eq 'VIASOFT - Sistemas Internos')) and customFieldValues/any(cfv: cfv/customFieldId eq 23946 and cfv/items/any(i: i/customFieldItem eq 'Suporte Técnico')) and (baseStatus eq 'New' or baseStatus eq 'InAttendance' or baseStatus eq 'Stopped')&$expand=owner%2Cactions(%24select%3Did%2Ctype%2Corigin%2Cstatus%2CcreatedDate%2Cdescription%3B%24expand%3DcreatedBy)%2CcustomFieldValues(%24expand%3Ditems)%2Cclients(%24expand%3Dorganization)&$orderby=createdDate asc&$top=100&$skip=0
[sync-movidesk] Sincronização incremental: 0 chamado(s) atualizados.
(node:23216) [DEP0169] DeprecationWarning: `url.parse()` behavior is not standardized and prone to errors that have security implications. Use the WHATWG URL API instead. CVEs are not issued for `url.parse()` vulnerabilities.
(Use `node --trace-deprecation ...` to show where the warning was created)
Execucao finalizada em 07/08/2026 14:27:56 (exit code 0)
============================================
Execucao iniciada em 07/08/2026 14:29:15
[07/08/2026, 14:29:16] Iniciando sync-movidesk.js (modo: incremental)
🔍 Incremental sync desde: 2026-08-07T20:27:26Z
Filtro Movidesk: baseStatus ne 'Resolved' and baseStatus ne 'Closed' and baseStatus ne 'Canceled' and ((ownerTeam eq 'VIASOFT - Sistemas Internos')) and customFieldValues/any(cfv: cfv/customFieldId eq 23946 and cfv/items/any(i: i/customFieldItem eq 'Suporte Técnico')) and lastUpdate gt 2026-08-07T20:27:26Z
Movidesk URL [/ | skip=0]: https://api.movidesk.com/public/v1/tickets?token=7cfc09fb-51fb-4708-b2dc-2b4a4535674e&$select=id%2Csubject%2Cstatus%2CbaseStatus%2CcreatedDate%2ClastActionDate%2ClastUpdate%2CserviceFirstLevelId%2CserviceFirstLevel%2CserviceSecondLevel%2CslaAgreement%2CslaAgreementRule%2CslaSolutionTime%2CslaResponseTime%2CslaSolutionDate%2CslaSolutionDateIsPaused%2CslaResponseDate%2CslaRealResponseDate%2Cjustification%2CownerTeam&$filter=baseStatus ne 'Resolved' and baseStatus ne 'Closed' and baseStatus ne 'Canceled' and ((ownerTeam eq 'VIASOFT - Sistemas Internos')) and customFieldValues/any(cfv: cfv/customFieldId eq 23946 and cfv/items/any(i: i/customFieldItem eq 'Suporte Técnico')) and lastUpdate gt 2026-08-07T20:27:26Z&$expand=owner%2Cactions(%24select%3Did%2Ctype%2Corigin%2Cstatus%2CcreatedDate%2Cdescription%3B%24expand%3DcreatedBy)%2CcustomFieldValues(%24expand%3Ditems)%2Cclients(%24expand%3Dorganization)&$orderby=createdDate asc&$top=100&$skip=0
Filtro Movidesk: baseStatus ne 'Resolved' and baseStatus ne 'Closed' and baseStatus ne 'Canceled' and ((ownerTeam eq 'VIASOFT - Sistemas Internos')) and customFieldValues/any(cfv: cfv/customFieldId eq 23946 and cfv/items/any(i: i/customFieldItem eq 'Suporte Técnico')) and (baseStatus eq 'New' or baseStatus eq 'InAttendance' or baseStatus eq 'Stopped')
Movidesk URL [/ | skip=0]: https://api.movidesk.com/public/v1/tickets?token=7cfc09fb-51fb-4708-b2dc-2b4a4535674e&$select=id%2Csubject%2Cstatus%2CbaseStatus%2CcreatedDate%2ClastActionDate%2ClastUpdate%2CserviceFirstLevelId%2CserviceFirstLevel%2CserviceSecondLevel%2CslaAgreement%2CslaAgreementRule%2CslaSolutionTime%2CslaResponseTime%2CslaSolutionDate%2CslaSolutionDateIsPaused%2CslaResponseDate%2CslaRealResponseDate%2Cjustification%2CownerTeam&$filter=baseStatus ne 'Resolved' and baseStatus ne 'Closed' and baseStatus ne 'Canceled' and ((ownerTeam eq 'VIASOFT - Sistemas Internos')) and customFieldValues/any(cfv: cfv/customFieldId eq 23946 and cfv/items/any(i: i/customFieldItem eq 'Suporte Técnico')) and (baseStatus eq 'New' or baseStatus eq 'InAttendance' or baseStatus eq 'Stopped')&$expand=owner%2Cactions(%24select%3Did%2Ctype%2Corigin%2Cstatus%2CcreatedDate%2Cdescription%3B%24expand%3DcreatedBy)%2CcustomFieldValues(%24expand%3Ditems)%2Cclients(%24expand%3Dorganization)&$orderby=createdDate asc&$top=100&$skip=0
[sync-movidesk] Sincronização incremental: 0 chamado(s) atualizados.
(node:28348) [DEP0169] DeprecationWarning: `url.parse()` behavior is not standardized and prone to errors that have security implications. Use the WHATWG URL API instead. CVEs are not issued for `url.parse()` vulnerabilities.
(Use `node --trace-deprecation ...` to show where the warning was created)
Execucao finalizada em 07/08/2026 14:29:54 (exit code 0)
============================================
Execucao iniciada em 07/08/2026 14:31:15
[07/08/2026, 14:31:16] Iniciando sync-movidesk.js (modo: incremental)
🔍 Incremental sync desde: 2026-08-07T20:27:26Z
Filtro Movidesk: baseStatus ne 'Resolved' and baseStatus ne 'Closed' and baseStatus ne 'Canceled' and ((ownerTeam eq 'VIASOFT - Sistemas Internos')) and customFieldValues/any(cfv: cfv/customFieldId eq 23946 and cfv/items/any(i: i/customFieldItem eq 'Suporte Técnico')) and lastUpdate gt 2026-08-07T20:27:26Z
Movidesk URL [/ | skip=0]: https://api.movidesk.com/public/v1/tickets?token=7cfc09fb-51fb-4708-b2dc-2b4a4535674e&$select=id%2Csubject%2Cstatus%2CbaseStatus%2CcreatedDate%2ClastActionDate%2ClastUpdate%2CserviceFirstLevelId%2CserviceFirstLevel%2CserviceSecondLevel%2CslaAgreement%2CslaAgreementRule%2CslaSolutionTime%2CslaResponseTime%2CslaSolutionDate%2CslaSolutionDateIsPaused%2CslaResponseDate%2CslaRealResponseDate%2Cjustification%2CownerTeam&$filter=baseStatus ne 'Resolved' and baseStatus ne 'Closed' and baseStatus ne 'Canceled' and ((ownerTeam eq 'VIASOFT - Sistemas Internos')) and customFieldValues/any(cfv: cfv/customFieldId eq 23946 and cfv/items/any(i: i/customFieldItem eq 'Suporte Técnico')) and lastUpdate gt 2026-08-07T20:27:26Z&$expand=owner%2Cactions(%24select%3Did%2Ctype%2Corigin%2Cstatus%2CcreatedDate%2Cdescription%3B%24expand%3DcreatedBy)%2CcustomFieldValues(%24expand%3Ditems)%2Cclients(%24expand%3Dorganization)&$orderby=createdDate asc&$top=100&$skip=0
(node:26264) [DEP0169] DeprecationWarning: `url.parse()` behavior is not standardized and prone to errors that have security implications. Use the WHATWG URL API instead. CVEs are not issued for `url.parse()` vulnerabilities.
(Use `node --trace-deprecation ...` to show where the warning was created)
Execucao finalizada em 07/08/2026 14:31:18 (exit code -1073741510)
============================================
Execucao iniciada em 07/08/2026 14:33:15
[07/08/2026, 14:33:16] Iniciando sync-movidesk.js (modo: incremental)
🔍 Incremental sync desde: 2026-08-07T20:27:26Z
Filtro Movidesk: baseStatus ne 'Resolved' and baseStatus ne 'Closed' and baseStatus ne 'Canceled' and ((ownerTeam eq 'VIASOFT - Sistemas Internos')) and customFieldValues/any(cfv: cfv/customFieldId eq 23946 and cfv/items/any(i: i/customFieldItem eq 'Suporte Técnico')) and lastUpdate gt 2026-08-07T20:27:26Z
Movidesk URL [/ | skip=0]: https://api.movidesk.com/public/v1/tickets?token=7cfc09fb-51fb-4708-b2dc-2b4a4535674e&$select=id%2Csubject%2Cstatus%2CbaseStatus%2CcreatedDate%2ClastActionDate%2ClastUpdate%2CserviceFirstLevelId%2CserviceFirstLevel%2CserviceSecondLevel%2CslaAgreement%2CslaAgreementRule%2CslaSolutionTime%2CslaResponseTime%2CslaSolutionDate%2CslaSolutionDateIsPaused%2CslaResponseDate%2CslaRealResponseDate%2Cjustification%2CownerTeam&$filter=baseStatus ne 'Resolved' and baseStatus ne 'Closed' and baseStatus ne 'Canceled' and ((ownerTeam eq 'VIASOFT - Sistemas Internos')) and customFieldValues/any(cfv: cfv/customFieldId eq 23946 and cfv/items/any(i: i/customFieldItem eq 'Suporte Técnico')) and lastUpdate gt 2026-08-07T20:27:26Z&$expand=owner%2Cactions(%24select%3Did%2Ctype%2Corigin%2Cstatus%2CcreatedDate%2Cdescription%3B%24expand%3DcreatedBy)%2CcustomFieldValues(%24expand%3Ditems)%2Cclients(%24expand%3Dorganization)&$orderby=createdDate asc&$top=100&$skip=0
(node:28268) [DEP0169] DeprecationWarning: `url.parse()` behavior is not standardized and prone to errors that have security implications. Use the WHATWG URL API instead. CVEs are not issued for `url.parse()` vulnerabilities.
(Use `node --trace-deprecation ...` to show where the warning was created)
Execucao finalizada em 07/08/2026 14:33:17 (exit code -1073741510)
============================================
Execucao iniciada em 07/08/2026 14:35:15
[07/08/2026, 14:35:16] Iniciando sync-movidesk.js (modo: incremental)
🔍 Incremental sync desde: 2026-08-07T20:27:26Z
Filtro Movidesk: baseStatus ne 'Resolved' and baseStatus ne 'Closed' and baseStatus ne 'Canceled' and ((ownerTeam eq 'VIASOFT - Sistemas Internos')) and customFieldValues/any(cfv: cfv/customFieldId eq 23946 and cfv/items/any(i: i/customFieldItem eq 'Suporte Técnico')) and lastUpdate gt 2026-08-07T20:27:26Z
Movidesk URL [/ | skip=0]: https://api.movidesk.com/public/v1/tickets?token=7cfc09fb-51fb-4708-b2dc-2b4a4535674e&$select=id%2Csubject%2Cstatus%2CbaseStatus%2CcreatedDate%2ClastActionDate%2ClastUpdate%2CserviceFirstLevelId%2CserviceFirstLevel%2CserviceSecondLevel%2CslaAgreement%2CslaAgreementRule%2CslaSolutionTime%2CslaResponseTime%2CslaSolutionDate%2CslaSolutionDateIsPaused%2CslaResponseDate%2CslaRealResponseDate%2Cjustification%2CownerTeam&$filter=baseStatus ne 'Resolved' and baseStatus ne 'Closed' and baseStatus ne 'Canceled' and ((ownerTeam eq 'VIASOFT - Sistemas Internos')) and customFieldValues/any(cfv: cfv/customFieldId eq 23946 and cfv/items/any(i: i/customFieldItem eq 'Suporte Técnico')) and lastUpdate gt 2026-08-07T20:27:26Z&$expand=owner%2Cactions(%24select%3Did%2Ctype%2Corigin%2Cstatus%2CcreatedDate%2Cdescription%3B%24expand%3DcreatedBy)%2CcustomFieldValues(%24expand%3Ditems)%2Cclients(%24expand%3Dorganization)&$orderby=createdDate asc&$top=100&$skip=0
(node:9260) [DEP0169] DeprecationWarning: `url.parse()` behavior is not standardized and prone to errors that have security implications. Use the WHATWG URL API instead. CVEs are not issued for `url.parse()` vulnerabilities.
(Use `node --trace-deprecation ...` to show where the warning was created)
Execucao finalizada em 07/08/2026 14:35:17 (exit code -1073741510)
============================================
Execucao iniciada em 07/08/2026 14:37:15
[07/08/2026, 14:37:16] Iniciando sync-movidesk.js (modo: incremental)
🔍 Incremental sync desde: 2026-08-07T20:27:26Z
Filtro Movidesk: baseStatus ne 'Resolved' and baseStatus ne 'Closed' and baseStatus ne 'Canceled' and ((ownerTeam eq 'VIASOFT - Sistemas Internos')) and customFieldValues/any(cfv: cfv/customFieldId eq 23946 and cfv/items/any(i: i/customFieldItem eq 'Suporte Técnico')) and lastUpdate gt 2026-08-07T20:27:26Z
Movidesk URL [/ | skip=0]: https://api.movidesk.com/public/v1/tickets?token=7cfc09fb-51fb-4708-b2dc-2b4a4535674e&$select=id%2Csubject%2Cstatus%2CbaseStatus%2CcreatedDate%2ClastActionDate%2ClastUpdate%2CserviceFirstLevelId%2CserviceFirstLevel%2CserviceSecondLevel%2CslaAgreement%2CslaAgreementRule%2CslaSolutionTime%2CslaResponseTime%2CslaSolutionDate%2CslaSolutionDateIsPaused%2CslaResponseDate%2CslaRealResponseDate%2Cjustification%2CownerTeam&$filter=baseStatus ne 'Resolved' and baseStatus ne 'Closed' and baseStatus ne 'Canceled' and ((ownerTeam eq 'VIASOFT - Sistemas Internos')) and customFieldValues/any(cfv: cfv/customFieldId eq 23946 and cfv/items/any(i: i/customFieldItem eq 'Suporte Técnico')) and lastUpdate gt 2026-08-07T20:27:26Z&$expand=owner%2Cactions(%24select%3Did%2Ctype%2Corigin%2Cstatus%2CcreatedDate%2Cdescription%3B%24expand%3DcreatedBy)%2CcustomFieldValues(%24expand%3Ditems)%2Cclients(%24expand%3Dorganization)&$orderby=createdDate asc&$top=100&$skip=0
(node:30204) [DEP0169] DeprecationWarning: `url.parse()` behavior is not standardized and prone to errors that have security implications. Use the WHATWG URL API instead. CVEs are not issued for `url.parse()` vulnerabilities.
(Use `node --trace-deprecation ...` to show where the warning was created)
Execucao finalizada em 07/08/2026 14:37:17 (exit code -1073741510)
============================================
Execucao iniciada em 07/08/2026 14:39:15
[07/08/2026, 14:39:16] Iniciando sync-movidesk.js (modo: incremental)
🔍 Incremental sync desde: 2026-08-07T20:27:26Z
Filtro Movidesk: baseStatus ne 'Resolved' and baseStatus ne 'Closed' and baseStatus ne 'Canceled' and ((ownerTeam eq 'VIASOFT - Sistemas Internos')) and customFieldValues/any(cfv: cfv/customFieldId eq 23946 and cfv/items/any(i: i/customFieldItem eq 'Suporte Técnico')) and lastUpdate gt 2026-08-07T20:27:26Z
Movidesk URL [/ | skip=0]: https://api.movidesk.com/public/v1/tickets?token=7cfc09fb-51fb-4708-b2dc-2b4a4535674e&$select=id%2Csubject%2Cstatus%2CbaseStatus%2CcreatedDate%2ClastActionDate%2ClastUpdate%2CserviceFirstLevelId%2CserviceFirstLevel%2CserviceSecondLevel%2CslaAgreement%2CslaAgreementRule%2CslaSolutionTime%2CslaResponseTime%2CslaSolutionDate%2CslaSolutionDateIsPaused%2CslaResponseDate%2CslaRealResponseDate%2Cjustification%2CownerTeam&$filter=baseStatus ne 'Resolved' and baseStatus ne 'Closed' and baseStatus ne 'Canceled' and ((ownerTeam eq 'VIASOFT - Sistemas Internos')) and customFieldValues/any(cfv: cfv/customFieldId eq 23946 and cfv/items/any(i: i/customFieldItem eq 'Suporte Técnico')) and lastUpdate gt 2026-08-07T20:27:26Z&$expand=owner%2Cactions(%24select%3Did%2Ctype%2Corigin%2Cstatus%2CcreatedDate%2Cdescription%3B%24expand%3DcreatedBy)%2CcustomFieldValues(%24expand%3Ditems)%2Cclients(%24expand%3Dorganization)&$orderby=createdDate asc&$top=100&$skip=0
(node:28920) [DEP0169] DeprecationWarning: `url.parse()` behavior is not standardized and prone to errors that have security implications. Use the WHATWG URL API instead. CVEs are not issued for `url.parse()` vulnerabilities.
(Use `node --trace-deprecation ...` to show where the warning was created)
Execucao finalizada em 07/08/2026 14:39:19 (exit code -1073741510)
============================================
Execucao iniciada em 07/08/2026 14:41:15
[07/08/2026, 14:41:16] Iniciando sync-movidesk.js (modo: incremental)
🔍 Incremental sync desde: 2026-08-07T20:27:26Z
Filtro Movidesk: baseStatus ne 'Resolved' and baseStatus ne 'Closed' and baseStatus ne 'Canceled' and ((ownerTeam eq 'VIASOFT - Sistemas Internos')) and customFieldValues/any(cfv: cfv/customFieldId eq 23946 and cfv/items/any(i: i/customFieldItem eq 'Suporte Técnico')) and lastUpdate gt 2026-08-07T20:27:26Z
Movidesk URL [/ | skip=0]: https://api.movidesk.com/public/v1/tickets?token=7cfc09fb-51fb-4708-b2dc-2b4a4535674e&$select=id%2Csubject%2Cstatus%2CbaseStatus%2CcreatedDate%2ClastActionDate%2ClastUpdate%2CserviceFirstLevelId%2CserviceFirstLevel%2CserviceSecondLevel%2CslaAgreement%2CslaAgreementRule%2CslaSolutionTime%2CslaResponseTime%2CslaSolutionDate%2CslaSolutionDateIsPaused%2CslaResponseDate%2CslaRealResponseDate%2Cjustification%2CownerTeam&$filter=baseStatus ne 'Resolved' and baseStatus ne 'Closed' and baseStatus ne 'Canceled' and ((ownerTeam eq 'VIASOFT - Sistemas Internos')) and customFieldValues/any(cfv: cfv/customFieldId eq 23946 and cfv/items/any(i: i/customFieldItem eq 'Suporte Técnico')) and lastUpdate gt 2026-08-07T20:27:26Z&$expand=owner%2Cactions(%24select%3Did%2Ctype%2Corigin%2Cstatus%2CcreatedDate%2Cdescription%3B%24expand%3DcreatedBy)%2CcustomFieldValues(%24expand%3Ditems)%2Cclients(%24expand%3Dorganization)&$orderby=createdDate asc&$top=100&$skip=0
(node:3420) [DEP0169] DeprecationWarning: `url.parse()` behavior is not standardized and prone to errors that have security implications. Use the WHATWG URL API instead. CVEs are not issued for `url.parse()` vulnerabilities.
(Use `node --trace-deprecation ...` to show where the warning was created)
Execucao finalizada em 07/08/2026 14:41:23 (exit code -1073741510)
============================================
Execucao iniciada em 07/08/2026 14:43:15
[07/08/2026, 14:43:16] Iniciando sync-movidesk.js (modo: incremental)
🔍 Incremental sync desde: 2026-08-07T20:27:26Z
Filtro Movidesk: baseStatus ne 'Resolved' and baseStatus ne 'Closed' and baseStatus ne 'Canceled' and ((ownerTeam eq 'VIASOFT - Sistemas Internos')) and customFieldValues/any(cfv: cfv/customFieldId eq 23946 and cfv/items/any(i: i/customFieldItem eq 'Suporte Técnico')) and lastUpdate gt 2026-08-07T20:27:26Z
Movidesk URL [/ | skip=0]: https://api.movidesk.com/public/v1/tickets?token=7cfc09fb-51fb-4708-b2dc-2b4a4535674e&$select=id%2Csubject%2Cstatus%2CbaseStatus%2CcreatedDate%2ClastActionDate%2ClastUpdate%2CserviceFirstLevelId%2CserviceFirstLevel%2CserviceSecondLevel%2CslaAgreement%2CslaAgreementRule%2CslaSolutionTime%2CslaResponseTime%2CslaSolutionDate%2CslaSolutionDateIsPaused%2CslaResponseDate%2CslaRealResponseDate%2Cjustification%2CownerTeam&$filter=baseStatus ne 'Resolved' and baseStatus ne 'Closed' and baseStatus ne 'Canceled' and ((ownerTeam eq 'VIASOFT - Sistemas Internos')) and customFieldValues/any(cfv: cfv/customFieldId eq 23946 and cfv/items/any(i: i/customFieldItem eq 'Suporte Técnico')) and lastUpdate gt 2026-08-07T20:27:26Z&$expand=owner%2Cactions(%24select%3Did%2Ctype%2Corigin%2Cstatus%2CcreatedDate%2Cdescription%3B%24expand%3DcreatedBy)%2CcustomFieldValues(%24expand%3Ditems)%2Cclients(%24expand%3Dorganization)&$orderby=createdDate asc&$top=100&$skip=0
Filtro Movidesk: baseStatus ne 'Resolved' and baseStatus ne 'Closed' and baseStatus ne 'Canceled' and ((ownerTeam eq 'VIASOFT - Sistemas Internos')) and customFieldValues/any(cfv: cfv/customFieldId eq 23946 and cfv/items/any(i: i/customFieldItem eq 'Suporte Técnico')) and (baseStatus eq 'New' or baseStatus eq 'InAttendance' or baseStatus eq 'Stopped')
Movidesk URL [/ | skip=0]: https://api.movidesk.com/public/v1/tickets?token=7cfc09fb-51fb-4708-b2dc-2b4a4535674e&$select=id%2Csubject%2Cstatus%2CbaseStatus%2CcreatedDate%2ClastActionDate%2ClastUpdate%2CserviceFirstLevelId%2CserviceFirstLevel%2CserviceSecondLevel%2CslaAgreement%2CslaAgreementRule%2CslaSolutionTime%2CslaResponseTime%2CslaSolutionDate%2CslaSolutionDateIsPaused%2CslaResponseDate%2CslaRealResponseDate%2Cjustification%2CownerTeam&$filter=baseStatus ne 'Resolved' and baseStatus ne 'Closed' and baseStatus ne 'Canceled' and ((ownerTeam eq 'VIASOFT - Sistemas Internos')) and customFieldValues/any(cfv: cfv/customFieldId eq 23946 and cfv/items/any(i: i/customFieldItem eq 'Suporte Técnico')) and (baseStatus eq 'New' or baseStatus eq 'InAttendance' or baseStatus eq 'Stopped')&$expand=owner%2Cactions(%24select%3Did%2Ctype%2Corigin%2Cstatus%2CcreatedDate%2Cdescription%3B%24expand%3DcreatedBy)%2CcustomFieldValues(%24expand%3Ditems)%2Cclients(%24expand%3Dorganization)&$orderby=createdDate asc&$top=100&$skip=0
[sync-movidesk] Sincronização incremental: 0 chamado(s) atualizados.
(node:27072) [DEP0169] DeprecationWarning: `url.parse()` behavior is not standardized and prone to errors that have security implications. Use the WHATWG URL API instead. CVEs are not issued for `url.parse()` vulnerabilities.
(Use `node --trace-deprecation ...` to show where the warning was created)
Execucao finalizada em 07/08/2026 14:44:05 (exit code 0)
============================================
Execucao iniciada em 07/08/2026 14:45:15
[07/08/2026, 14:45:16] Iniciando sync-movidesk.js (modo: incremental)
🔍 Incremental sync desde: 2026-08-07T20:27:26Z
Filtro Movidesk: baseStatus ne 'Resolved' and baseStatus ne 'Closed' and baseStatus ne 'Canceled' and ((ownerTeam eq 'VIASOFT - Sistemas Internos')) and customFieldValues/any(cfv: cfv/customFieldId eq 23946 and cfv/items/any(i: i/customFieldItem eq 'Suporte Técnico')) and lastUpdate gt 2026-08-07T20:27:26Z
Movidesk URL [/ | skip=0]: https://api.movidesk.com/public/v1/tickets?token=7cfc09fb-51fb-4708-b2dc-2b4a4535674e&$select=id%2Csubject%2Cstatus%2CbaseStatus%2CcreatedDate%2ClastActionDate%2ClastUpdate%2CserviceFirstLevelId%2CserviceFirstLevel%2CserviceSecondLevel%2CslaAgreement%2CslaAgreementRule%2CslaSolutionTime%2CslaResponseTime%2CslaSolutionDate%2CslaSolutionDateIsPaused%2CslaResponseDate%2CslaRealResponseDate%2Cjustification%2CownerTeam&$filter=baseStatus ne 'Resolved' and baseStatus ne 'Closed' and baseStatus ne 'Canceled' and ((ownerTeam eq 'VIASOFT - Sistemas Internos')) and customFieldValues/any(cfv: cfv/customFieldId eq 23946 and cfv/items/any(i: i/customFieldItem eq 'Suporte Técnico')) and lastUpdate gt 2026-08-07T20:27:26Z&$expand=owner%2Cactions(%24select%3Did%2Ctype%2Corigin%2Cstatus%2CcreatedDate%2Cdescription%3B%24expand%3DcreatedBy)%2CcustomFieldValues(%24expand%3Ditems)%2Cclients(%24expand%3Dorganization)&$orderby=createdDate asc&$top=100&$skip=0
(node:22980) [DEP0169] DeprecationWarning: `url.parse()` behavior is not standardized and prone to errors that have security implications. Use the WHATWG URL API instead. CVEs are not issued for `url.parse()` vulnerabilities.
(Use `node --trace-deprecation ...` to show where the warning was created)
Execucao finalizada em 07/08/2026 14:45:23 (exit code -1073741510)
============================================
Execucao iniciada em 07/08/2026 14:47:15
[07/08/2026, 14:47:16] Iniciando sync-movidesk.js (modo: incremental)
🔍 Incremental sync desde: 2026-08-07T20:27:26Z
Filtro Movidesk: baseStatus ne 'Resolved' and baseStatus ne 'Closed' and baseStatus ne 'Canceled' and ((ownerTeam eq 'VIASOFT - Sistemas Internos')) and customFieldValues/any(cfv: cfv/customFieldId eq 23946 and cfv/items/any(i: i/customFieldItem eq 'Suporte Técnico')) and lastUpdate gt 2026-08-07T20:27:26Z
Movidesk URL [/ | skip=0]: https://api.movidesk.com/public/v1/tickets?token=7cfc09fb-51fb-4708-b2dc-2b4a4535674e&$select=id%2Csubject%2Cstatus%2CbaseStatus%2CcreatedDate%2ClastActionDate%2ClastUpdate%2CserviceFirstLevelId%2CserviceFirstLevel%2CserviceSecondLevel%2CslaAgreement%2CslaAgreementRule%2CslaSolutionTime%2CslaResponseTime%2CslaSolutionDate%2CslaSolutionDateIsPaused%2CslaResponseDate%2CslaRealResponseDate%2Cjustification%2CownerTeam&$filter=baseStatus ne 'Resolved' and baseStatus ne 'Closed' and baseStatus ne 'Canceled' and ((ownerTeam eq 'VIASOFT - Sistemas Internos')) and customFieldValues/any(cfv: cfv/customFieldId eq 23946 and cfv/items/any(i: i/customFieldItem eq 'Suporte Técnico')) and lastUpdate gt 2026-08-07T20:27:26Z&$expand=owner%2Cactions(%24select%3Did%2Ctype%2Corigin%2Cstatus%2CcreatedDate%2Cdescription%3B%24expand%3DcreatedBy)%2CcustomFieldValues(%24expand%3Ditems)%2Cclients(%24expand%3Dorganization)&$orderby=createdDate asc&$top=100&$skip=0
(node:26864) [DEP0169] DeprecationWarning: `url.parse()` behavior is not standardized and prone to errors that have security implications. Use the WHATWG URL API instead. CVEs are not issued for `url.parse()` vulnerabilities.
(Use `node --trace-deprecation ...` to show where the warning was created)
Execucao finalizada em 07/08/2026 14:47:19 (exit code -1073741510)
============================================
Execucao iniciada em 07/08/2026 14:49:15
[07/08/2026, 14:49:16] Iniciando sync-movidesk.js (modo: incremental)
🔍 Incremental sync desde: 2026-08-07T20:27:26Z
Filtro Movidesk: baseStatus ne 'Resolved' and baseStatus ne 'Closed' and baseStatus ne 'Canceled' and ((ownerTeam eq 'VIASOFT - Sistemas Internos')) and customFieldValues/any(cfv: cfv/customFieldId eq 23946 and cfv/items/any(i: i/customFieldItem eq 'Suporte Técnico')) and lastUpdate gt 2026-08-07T20:27:26Z
Movidesk URL [/ | skip=0]: https://api.movidesk.com/public/v1/tickets?token=7cfc09fb-51fb-4708-b2dc-2b4a4535674e&$select=id%2Csubject%2Cstatus%2CbaseStatus%2CcreatedDate%2ClastActionDate%2ClastUpdate%2CserviceFirstLevelId%2CserviceFirstLevel%2CserviceSecondLevel%2CslaAgreement%2CslaAgreementRule%2CslaSolutionTime%2CslaResponseTime%2CslaSolutionDate%2CslaSolutionDateIsPaused%2CslaResponseDate%2CslaRealResponseDate%2Cjustification%2CownerTeam&$filter=baseStatus ne 'Resolved' and baseStatus ne 'Closed' and baseStatus ne 'Canceled' and ((ownerTeam eq 'VIASOFT - Sistemas Internos')) and customFieldValues/any(cfv: cfv/customFieldId eq 23946 and cfv/items/any(i: i/customFieldItem eq 'Suporte Técnico')) and lastUpdate gt 2026-08-07T20:27:26Z&$expand=owner%2Cactions(%24select%3Did%2Ctype%2Corigin%2Cstatus%2CcreatedDate%2Cdescription%3B%24expand%3DcreatedBy)%2CcustomFieldValues(%24expand%3Ditems)%2Cclients(%24expand%3Dorganization)&$orderby=createdDate asc&$top=100&$skip=0
Filtro Movidesk: baseStatus ne 'Resolved' and baseStatus ne 'Closed' and baseStatus ne 'Canceled' and ((ownerTeam eq 'VIASOFT - Sistemas Internos')) and customFieldValues/any(cfv: cfv/customFieldId eq 23946 and cfv/items/any(i: i/customFieldItem eq 'Suporte Técnico')) and (baseStatus eq 'New' or baseStatus eq 'InAttendance' or baseStatus eq 'Stopped')
Movidesk URL [/ | skip=0]: https://api.movidesk.com/public/v1/tickets?token=7cfc09fb-51fb-4708-b2dc-2b4a4535674e&$select=id%2Csubject%2Cstatus%2CbaseStatus%2CcreatedDate%2ClastActionDate%2ClastUpdate%2CserviceFirstLevelId%2CserviceFirstLevel%2CserviceSecondLevel%2CslaAgreement%2CslaAgreementRule%2CslaSolutionTime%2CslaResponseTime%2CslaSolutionDate%2CslaSolutionDateIsPaused%2CslaResponseDate%2CslaRealResponseDate%2Cjustification%2CownerTeam&$filter=baseStatus ne 'Resolved' and baseStatus ne 'Closed' and baseStatus ne 'Canceled' and ((ownerTeam eq 'VIASOFT - Sistemas Internos')) and customFieldValues/any(cfv: cfv/customFieldId eq 23946 and cfv/items/any(i: i/customFieldItem eq 'Suporte Técnico')) and (baseStatus eq 'New' or baseStatus eq 'InAttendance' or baseStatus eq 'Stopped')&$expand=owner%2Cactions(%24select%3Did%2Ctype%2Corigin%2Cstatus%2CcreatedDate%2Cdescription%3B%24expand%3DcreatedBy)%2CcustomFieldValues(%24expand%3Ditems)%2Cclients(%24expand%3Dorganization)&$orderby=createdDate asc&$top=100&$skip=0
[sync-movidesk] Sincronização incremental: 0 chamado(s) atualizados.
(node:23708) [DEP0169] DeprecationWarning: `url.parse()` behavior is not standardized and prone to errors that have security implications. Use the WHATWG URL API instead. CVEs are not issued for `url.parse()` vulnerabilities.
(Use `node --trace-deprecation ...` to show where the warning was created)
Execucao finalizada em 07/08/2026 14:49:52 (exit code 0)
============================================
Execucao iniciada em 07/08/2026 14:51:15
[07/08/2026, 14:51:16] Iniciando sync-movidesk.js (modo: incremental)
🔍 Incremental sync desde: 2026-08-07T20:27:26Z
Filtro Movidesk: baseStatus ne 'Resolved' and baseStatus ne 'Closed' and baseStatus ne 'Canceled' and ((ownerTeam eq 'VIASOFT - Sistemas Internos')) and customFieldValues/any(cfv: cfv/customFieldId eq 23946 and cfv/items/any(i: i/customFieldItem eq 'Suporte Técnico')) and lastUpdate gt 2026-08-07T20:27:26Z
Movidesk URL [/ | skip=0]: https://api.movidesk.com/public/v1/tickets?token=7cfc09fb-51fb-4708-b2dc-2b4a4535674e&$select=id%2Csubject%2Cstatus%2CbaseStatus%2CcreatedDate%2ClastActionDate%2ClastUpdate%2CserviceFirstLevelId%2CserviceFirstLevel%2CserviceSecondLevel%2CslaAgreement%2CslaAgreementRule%2CslaSolutionTime%2CslaResponseTime%2CslaSolutionDate%2CslaSolutionDateIsPaused%2CslaResponseDate%2CslaRealResponseDate%2Cjustification%2CownerTeam&$filter=baseStatus ne 'Resolved' and baseStatus ne 'Closed' and baseStatus ne 'Canceled' and ((ownerTeam eq 'VIASOFT - Sistemas Internos')) and customFieldValues/any(cfv: cfv/customFieldId eq 23946 and cfv/items/any(i: i/customFieldItem eq 'Suporte Técnico')) and lastUpdate gt 2026-08-07T20:27:26Z&$expand=owner%2Cactions(%24select%3Did%2Ctype%2Corigin%2Cstatus%2CcreatedDate%2Cdescription%3B%24expand%3DcreatedBy)%2CcustomFieldValues(%24expand%3Ditems)%2Cclients(%24expand%3Dorganization)&$orderby=createdDate asc&$top=100&$skip=0
(node:29804) [DEP0169] DeprecationWarning: `url.parse()` behavior is not standardized and prone to errors that have security implications. Use the WHATWG URL API instead. CVEs are not issued for `url.parse()` vulnerabilities.
(Use `node --trace-deprecation ...` to show where the warning was created)
Execucao finalizada em 07/08/2026 14:51:18 (exit code -1073741510)
============================================
Execucao iniciada em 07/08/2026 14:53:15
[07/08/2026, 14:53:16] Iniciando sync-movidesk.js (modo: incremental)
🔍 Incremental sync desde: 2026-08-07T20:27:26Z
Filtro Movidesk: baseStatus ne 'Resolved' and baseStatus ne 'Closed' and baseStatus ne 'Canceled' and ((ownerTeam eq 'VIASOFT - Sistemas Internos')) and customFieldValues/any(cfv: cfv/customFieldId eq 23946 and cfv/items/any(i: i/customFieldItem eq 'Suporte Técnico')) and lastUpdate gt 2026-08-07T20:27:26Z
Movidesk URL [/ | skip=0]: https://api.movidesk.com/public/v1/tickets?token=7cfc09fb-51fb-4708-b2dc-2b4a4535674e&$select=id%2Csubject%2Cstatus%2CbaseStatus%2CcreatedDate%2ClastActionDate%2ClastUpdate%2CserviceFirstLevelId%2CserviceFirstLevel%2CserviceSecondLevel%2CslaAgreement%2CslaAgreementRule%2CslaSolutionTime%2CslaResponseTime%2CslaSolutionDate%2CslaSolutionDateIsPaused%2CslaResponseDate%2CslaRealResponseDate%2Cjustification%2CownerTeam&$filter=baseStatus ne 'Resolved' and baseStatus ne 'Closed' and baseStatus ne 'Canceled' and ((ownerTeam eq 'VIASOFT - Sistemas Internos')) and customFieldValues/any(cfv: cfv/customFieldId eq 23946 and cfv/items/any(i: i/customFieldItem eq 'Suporte Técnico')) and lastUpdate gt 2026-08-07T20:27:26Z&$expand=owner%2Cactions(%24select%3Did%2Ctype%2Corigin%2Cstatus%2CcreatedDate%2Cdescription%3B%24expand%3DcreatedBy)%2CcustomFieldValues(%24expand%3Ditems)%2Cclients(%24expand%3Dorganization)&$orderby=createdDate asc&$top=100&$skip=0
Filtro Movidesk: baseStatus ne 'Resolved' and baseStatus ne 'Closed' and baseStatus ne 'Canceled' and ((ownerTeam eq 'VIASOFT - Sistemas Internos')) and customFieldValues/any(cfv: cfv/customFieldId eq 23946 and cfv/items/any(i: i/customFieldItem eq 'Suporte Técnico')) and (baseStatus eq 'New' or baseStatus eq 'InAttendance' or baseStatus eq 'Stopped')
Movidesk URL [/ | skip=0]: https://api.movidesk.com/public/v1/tickets?token=7cfc09fb-51fb-4708-b2dc-2b4a4535674e&$select=id%2Csubject%2Cstatus%2CbaseStatus%2CcreatedDate%2ClastActionDate%2ClastUpdate%2CserviceFirstLevelId%2CserviceFirstLevel%2CserviceSecondLevel%2CslaAgreement%2CslaAgreementRule%2CslaSolutionTime%2CslaResponseTime%2CslaSolutionDate%2CslaSolutionDateIsPaused%2CslaResponseDate%2CslaRealResponseDate%2Cjustification%2CownerTeam&$filter=baseStatus ne 'Resolved' and baseStatus ne 'Closed' and baseStatus ne 'Canceled' and ((ownerTeam eq 'VIASOFT - Sistemas Internos')) and customFieldValues/any(cfv: cfv/customFieldId eq 23946 and cfv/items/any(i: i/customFieldItem eq 'Suporte Técnico')) and (baseStatus eq 'New' or baseStatus eq 'InAttendance' or baseStatus eq 'Stopped')&$expand=owner%2Cactions(%24select%3Did%2Ctype%2Corigin%2Cstatus%2CcreatedDate%2Cdescription%3B%24expand%3DcreatedBy)%2CcustomFieldValues(%24expand%3Ditems)%2Cclients(%24expand%3Dorganization)&$orderby=createdDate asc&$top=100&$skip=0
[sync-movidesk] Sincronização incremental: 0 chamado(s) atualizados.
(node:28152) [DEP0169] DeprecationWarning: `url.parse()` behavior is not standardized and prone to errors that have security implications. Use the WHATWG URL API instead. CVEs are not issued for `url.parse()` vulnerabilities.
(Use `node --trace-deprecation ...` to show where the warning was created)
Execucao finalizada em 07/08/2026 14:54:04 (exit code 0)
============================================
Execucao iniciada em 07/08/2026 14:55:15
[07/08/2026, 14:55:16] Iniciando sync-movidesk.js (modo: incremental)
🔍 Incremental sync desde: 2026-08-07T20:27:26Z
Filtro Movidesk: baseStatus ne 'Resolved' and baseStatus ne 'Closed' and baseStatus ne 'Canceled' and ((ownerTeam eq 'VIASOFT - Sistemas Internos')) and customFieldValues/any(cfv: cfv/customFieldId eq 23946 and cfv/items/any(i: i/customFieldItem eq 'Suporte Técnico')) and lastUpdate gt 2026-08-07T20:27:26Z
Movidesk URL [/ | skip=0]: https://api.movidesk.com/public/v1/tickets?token=7cfc09fb-51fb-4708-b2dc-2b4a4535674e&$select=id%2Csubject%2Cstatus%2CbaseStatus%2CcreatedDate%2ClastActionDate%2ClastUpdate%2CserviceFirstLevelId%2CserviceFirstLevel%2CserviceSecondLevel%2CslaAgreement%2CslaAgreementRule%2CslaSolutionTime%2CslaResponseTime%2CslaSolutionDate%2CslaSolutionDateIsPaused%2CslaResponseDate%2CslaRealResponseDate%2Cjustification%2CownerTeam&$filter=baseStatus ne 'Resolved' and baseStatus ne 'Closed' and baseStatus ne 'Canceled' and ((ownerTeam eq 'VIASOFT - Sistemas Internos')) and customFieldValues/any(cfv: cfv/customFieldId eq 23946 and cfv/items/any(i: i/customFieldItem eq 'Suporte Técnico')) and lastUpdate gt 2026-08-07T20:27:26Z&$expand=owner%2Cactions(%24select%3Did%2Ctype%2Corigin%2Cstatus%2CcreatedDate%2Cdescription%3B%24expand%3DcreatedBy)%2CcustomFieldValues(%24expand%3Ditems)%2Cclients(%24expand%3Dorganization)&$orderby=createdDate asc&$top=100&$skip=0
(node:23628) [DEP0169] DeprecationWarning: `url.parse()` behavior is not standardized and prone to errors that have security implications. Use the WHATWG URL API instead. CVEs are not issued for `url.parse()` vulnerabilities.
(Use `node --trace-deprecation ...` to show where the warning was created)
Execucao finalizada em 07/08/2026 14:55:17 (exit code -1073741510)
============================================
Execucao iniciada em 07/08/2026 14:57:15
[07/08/2026, 14:57:16] Iniciando sync-movidesk.js (modo: incremental)
🔍 Incremental sync desde: 2026-08-07T20:27:26Z
Filtro Movidesk: baseStatus ne 'Resolved' and baseStatus ne 'Closed' and baseStatus ne 'Canceled' and ((ownerTeam eq 'VIASOFT - Sistemas Internos')) and customFieldValues/any(cfv: cfv/customFieldId eq 23946 and cfv/items/any(i: i/customFieldItem eq 'Suporte Técnico')) and lastUpdate gt 2026-08-07T20:27:26Z
Movidesk URL [/ | skip=0]: https://api.movidesk.com/public/v1/tickets?token=7cfc09fb-51fb-4708-b2dc-2b4a4535674e&$select=id%2Csubject%2Cstatus%2CbaseStatus%2CcreatedDate%2ClastActionDate%2ClastUpdate%2CserviceFirstLevelId%2CserviceFirstLevel%2CserviceSecondLevel%2CslaAgreement%2CslaAgreementRule%2CslaSolutionTime%2CslaResponseTime%2CslaSolutionDate%2CslaSolutionDateIsPaused%2CslaResponseDate%2CslaRealResponseDate%2Cjustification%2CownerTeam&$filter=baseStatus ne 'Resolved' and baseStatus ne 'Closed' and baseStatus ne 'Canceled' and ((ownerTeam eq 'VIASOFT - Sistemas Internos')) and customFieldValues/any(cfv: cfv/customFieldId eq 23946 and cfv/items/any(i: i/customFieldItem eq 'Suporte Técnico')) and lastUpdate gt 2026-08-07T20:27:26Z&$expand=owner%2Cactions(%24select%3Did%2Ctype%2Corigin%2Cstatus%2CcreatedDate%2Cdescription%3B%24expand%3DcreatedBy)%2CcustomFieldValues(%24expand%3Ditems)%2Cclients(%24expand%3Dorganization)&$orderby=createdDate asc&$top=100&$skip=0
(node:30908) [DEP0169] DeprecationWarning: `url.parse()` behavior is not standardized and prone to errors that have security implications. Use the WHATWG URL API instead. CVEs are not issued for `url.parse()` vulnerabilities.
(Use `node --trace-deprecation ...` to show where the warning was created)
Execucao finalizada em 07/08/2026 14:57:17 (exit code -1073741510)
============================================
Execucao iniciada em 07/08/2026 14:59:15
[07/08/2026, 14:59:16] Iniciando sync-movidesk.js (modo: incremental)
🔍 Incremental sync desde: 2026-08-07T20:27:26Z
Filtro Movidesk: baseStatus ne 'Resolved' and baseStatus ne 'Closed' and baseStatus ne 'Canceled' and ((ownerTeam eq 'VIASOFT - Sistemas Internos')) and customFieldValues/any(cfv: cfv/customFieldId eq 23946 and cfv/items/any(i: i/customFieldItem eq 'Suporte Técnico')) and lastUpdate gt 2026-08-07T20:27:26Z
Movidesk URL [/ | skip=0]: https://api.movidesk.com/public/v1/tickets?token=7cfc09fb-51fb-4708-b2dc-2b4a4535674e&$select=id%2Csubject%2Cstatus%2CbaseStatus%2CcreatedDate%2ClastActionDate%2ClastUpdate%2CserviceFirstLevelId%2CserviceFirstLevel%2CserviceSecondLevel%2CslaAgreement%2CslaAgreementRule%2CslaSolutionTime%2CslaResponseTime%2CslaSolutionDate%2CslaSolutionDateIsPaused%2CslaResponseDate%2CslaRealResponseDate%2Cjustification%2CownerTeam&$filter=baseStatus ne 'Resolved' and baseStatus ne 'Closed' and baseStatus ne 'Canceled' and ((ownerTeam eq 'VIASOFT - Sistemas Internos')) and customFieldValues/any(cfv: cfv/customFieldId eq 23946 and cfv/items/any(i: i/customFieldItem eq 'Suporte Técnico')) and lastUpdate gt 2026-08-07T20:27:26Z&$expand=owner%2Cactions(%24select%3Did%2Ctype%2Corigin%2Cstatus%2CcreatedDate%2Cdescription%3B%24expand%3DcreatedBy)%2CcustomFieldValues(%24expand%3Ditems)%2Cclients(%24expand%3Dorganization)&$orderby=createdDate asc&$top=100&$skip=0
(node:24464) [DEP0169] DeprecationWarning: `url.parse()` behavior is not standardized and prone to errors that have security implications. Use the WHATWG URL API instead. CVEs are not issued for `url.parse()` vulnerabilities.
(Use `node --trace-deprecation ...` to show where the warning was created)
Execucao finalizada em 07/08/2026 14:59:18 (exit code -1073741510)
============================================
Execucao iniciada em 07/08/2026 15:01:15
[07/08/2026, 15:01:16] Iniciando sync-movidesk.js (modo: incremental)
🔍 Incremental sync desde: 2026-08-07T20:27:26Z
Filtro Movidesk: baseStatus ne 'Resolved' and baseStatus ne 'Closed' and baseStatus ne 'Canceled' and ((ownerTeam eq 'VIASOFT - Sistemas Internos')) and customFieldValues/any(cfv: cfv/customFieldId eq 23946 and cfv/items/any(i: i/customFieldItem eq 'Suporte Técnico')) and lastUpdate gt 2026-08-07T20:27:26Z
Movidesk URL [/ | skip=0]: https://api.movidesk.com/public/v1/tickets?token=7cfc09fb-51fb-4708-b2dc-2b4a4535674e&$select=id%2Csubject%2Cstatus%2CbaseStatus%2CcreatedDate%2ClastActionDate%2ClastUpdate%2CserviceFirstLevelId%2CserviceFirstLevel%2CserviceSecondLevel%2CslaAgreement%2CslaAgreementRule%2CslaSolutionTime%2CslaResponseTime%2CslaSolutionDate%2CslaSolutionDateIsPaused%2CslaResponseDate%2CslaRealResponseDate%2Cjustification%2CownerTeam&$filter=baseStatus ne 'Resolved' and baseStatus ne 'Closed' and baseStatus ne 'Canceled' and ((ownerTeam eq 'VIASOFT - Sistemas Internos')) and customFieldValues/any(cfv: cfv/customFieldId eq 23946 and cfv/items/any(i: i/customFieldItem eq 'Suporte Técnico')) and lastUpdate gt 2026-08-07T20:27:26Z&$expand=owner%2Cactions(%24select%3Did%2Ctype%2Corigin%2Cstatus%2CcreatedDate%2Cdescription%3B%24expand%3DcreatedBy)%2CcustomFieldValues(%24expand%3Ditems)%2Cclients(%24expand%3Dorganization)&$orderby=createdDate asc&$top=100&$skip=0
Filtro Movidesk: baseStatus ne 'Resolved' and baseStatus ne 'Closed' and baseStatus ne 'Canceled' and ((ownerTeam eq 'VIASOFT - Sistemas Internos')) and customFieldValues/any(cfv: cfv/customFieldId eq 23946 and cfv/items/any(i: i/customFieldItem eq 'Suporte Técnico')) and (baseStatus eq 'New' or baseStatus eq 'InAttendance' or baseStatus eq 'Stopped')
Movidesk URL [/ | skip=0]: https://api.movidesk.com/public/v1/tickets?token=7cfc09fb-51fb-4708-b2dc-2b4a4535674e&$select=id%2Csubject%2Cstatus%2CbaseStatus%2CcreatedDate%2ClastActionDate%2ClastUpdate%2CserviceFirstLevelId%2CserviceFirstLevel%2CserviceSecondLevel%2CslaAgreement%2CslaAgreementRule%2CslaSolutionTime%2CslaResponseTime%2CslaSolutionDate%2CslaSolutionDateIsPaused%2CslaResponseDate%2CslaRealResponseDate%2Cjustification%2CownerTeam&$filter=baseStatus ne 'Resolved' and baseStatus ne 'Closed' and baseStatus ne 'Canceled' and ((ownerTeam eq 'VIASOFT - Sistemas Internos')) and customFieldValues/any(cfv: cfv/customFieldId eq 23946 and cfv/items/any(i: i/customFieldItem eq 'Suporte Técnico')) and (baseStatus eq 'New' or baseStatus eq 'InAttendance' or baseStatus eq 'Stopped')&$expand=owner%2Cactions(%24select%3Did%2Ctype%2Corigin%2Cstatus%2CcreatedDate%2Cdescription%3B%24expand%3DcreatedBy)%2CcustomFieldValues(%24expand%3Ditems)%2Cclients(%24expand%3Dorganization)&$orderby=createdDate asc&$top=100&$skip=0
[sync-movidesk] Sincronização incremental: 0 chamado(s) atualizados.
(node:26808) [DEP0169] DeprecationWarning: `url.parse()` behavior is not standardized and prone to errors that have security implications. Use the WHATWG URL API instead. CVEs are not issued for `url.parse()` vulnerabilities.
(Use `node --trace-deprecation ...` to show where the warning was created)
Execucao finalizada em 07/08/2026 15:02:15 (exit code 0)
============================================
Execucao iniciada em 07/08/2026 15:03:15
[07/08/2026, 15:03:16] Iniciando sync-movidesk.js (modo: incremental)
🔍 Incremental sync desde: 2026-08-07T20:27:26Z
Filtro Movidesk: baseStatus ne 'Resolved' and baseStatus ne 'Closed' and baseStatus ne 'Canceled' and ((ownerTeam eq 'VIASOFT - Sistemas Internos')) and customFieldValues/any(cfv: cfv/customFieldId eq 23946 and cfv/items/any(i: i/customFieldItem eq 'Suporte Técnico')) and lastUpdate gt 2026-08-07T20:27:26Z
Movidesk URL [/ | skip=0]: https://api.movidesk.com/public/v1/tickets?token=7cfc09fb-51fb-4708-b2dc-2b4a4535674e&$select=id%2Csubject%2Cstatus%2CbaseStatus%2CcreatedDate%2ClastActionDate%2ClastUpdate%2CserviceFirstLevelId%2CserviceFirstLevel%2CserviceSecondLevel%2CslaAgreement%2CslaAgreementRule%2CslaSolutionTime%2CslaResponseTime%2CslaSolutionDate%2CslaSolutionDateIsPaused%2CslaResponseDate%2CslaRealResponseDate%2Cjustification%2CownerTeam&$filter=baseStatus ne 'Resolved' and baseStatus ne 'Closed' and baseStatus ne 'Canceled' and ((ownerTeam eq 'VIASOFT - Sistemas Internos')) and customFieldValues/any(cfv: cfv/customFieldId eq 23946 and cfv/items/any(i: i/customFieldItem eq 'Suporte Técnico')) and lastUpdate gt 2026-08-07T20:27:26Z&$expand=owner%2Cactions(%24select%3Did%2Ctype%2Corigin%2Cstatus%2CcreatedDate%2Cdescription%3B%24expand%3DcreatedBy)%2CcustomFieldValues(%24expand%3Ditems)%2Cclients(%24expand%3Dorganization)&$orderby=createdDate asc&$top=100&$skip=0
Filtro Movidesk: baseStatus ne 'Resolved' and baseStatus ne 'Closed' and baseStatus ne 'Canceled' and ((ownerTeam eq 'VIASOFT - Sistemas Internos')) and customFieldValues/any(cfv: cfv/customFieldId eq 23946 and cfv/items/any(i: i/customFieldItem eq 'Suporte Técnico')) and (baseStatus eq 'New' or baseStatus eq 'InAttendance' or baseStatus eq 'Stopped')
Movidesk URL [/ | skip=0]: https://api.movidesk.com/public/v1/tickets?token=7cfc09fb-51fb-4708-b2dc-2b4a4535674e&$select=id%2Csubject%2Cstatus%2CbaseStatus%2CcreatedDate%2ClastActionDate%2ClastUpdate%2CserviceFirstLevelId%2CserviceFirstLevel%2CserviceSecondLevel%2CslaAgreement%2CslaAgreementRule%2CslaSolutionTime%2CslaResponseTime%2CslaSolutionDate%2CslaSolutionDateIsPaused%2CslaResponseDate%2CslaRealResponseDate%2Cjustification%2CownerTeam&$filter=baseStatus ne 'Resolved' and baseStatus ne 'Closed' and baseStatus ne 'Canceled' and ((ownerTeam eq 'VIASOFT - Sistemas Internos')) and customFieldValues/any(cfv: cfv/customFieldId eq 23946 and cfv/items/any(i: i/customFieldItem eq 'Suporte Técnico')) and (baseStatus eq 'New' or baseStatus eq 'InAttendance' or baseStatus eq 'Stopped')&$expand=owner%2Cactions(%24select%3Did%2Ctype%2Corigin%2Cstatus%2CcreatedDate%2Cdescription%3B%24expand%3DcreatedBy)%2CcustomFieldValues(%24expand%3Ditems)%2Cclients(%24expand%3Dorganization)&$orderby=createdDate asc&$top=100&$skip=0
[sync-movidesk] Sincronização incremental: 0 chamado(s) atualizados.
(node:25052) [DEP0169] DeprecationWarning: `url.parse()` behavior is not standardized and prone to errors that have security implications. Use the WHATWG URL API instead. CVEs are not issued for `url.parse()` vulnerabilities.
(Use `node --trace-deprecation ...` to show where the warning was created)
Execucao finalizada em 07/08/2026 15:03:52 (exit code 0)
============================================
Execucao iniciada em 07/08/2026 15:05:15
[07/08/2026, 15:05:16] Iniciando sync-movidesk.js (modo: incremental)
🔍 Incremental sync desde: 2026-08-07T20:27:26Z
Filtro Movidesk: baseStatus ne 'Resolved' and baseStatus ne 'Closed' and baseStatus ne 'Canceled' and ((ownerTeam eq 'VIASOFT - Sistemas Internos')) and customFieldValues/any(cfv: cfv/customFieldId eq 23946 and cfv/items/any(i: i/customFieldItem eq 'Suporte Técnico')) and lastUpdate gt 2026-08-07T20:27:26Z
Movidesk URL [/ | skip=0]: https://api.movidesk.com/public/v1/tickets?token=7cfc09fb-51fb-4708-b2dc-2b4a4535674e&$select=id%2Csubject%2Cstatus%2CbaseStatus%2CcreatedDate%2ClastActionDate%2ClastUpdate%2CserviceFirstLevelId%2CserviceFirstLevel%2CserviceSecondLevel%2CslaAgreement%2CslaAgreementRule%2CslaSolutionTime%2CslaResponseTime%2CslaSolutionDate%2CslaSolutionDateIsPaused%2CslaResponseDate%2CslaRealResponseDate%2Cjustification%2CownerTeam&$filter=baseStatus ne 'Resolved' and baseStatus ne 'Closed' and baseStatus ne 'Canceled' and ((ownerTeam eq 'VIASOFT - Sistemas Internos')) and customFieldValues/any(cfv: cfv/customFieldId eq 23946 and cfv/items/any(i: i/customFieldItem eq 'Suporte Técnico')) and lastUpdate gt 2026-08-07T20:27:26Z&$expand=owner%2Cactions(%24select%3Did%2Ctype%2Corigin%2Cstatus%2CcreatedDate%2Cdescription%3B%24expand%3DcreatedBy)%2CcustomFieldValues(%24expand%3Ditems)%2Cclients(%24expand%3Dorganization)&$orderby=createdDate asc&$top=100&$skip=0
Filtro Movidesk: baseStatus ne 'Resolved' and baseStatus ne 'Closed' and baseStatus ne 'Canceled' and ((ownerTeam eq 'VIASOFT - Sistemas Internos')) and customFieldValues/any(cfv: cfv/customFieldId eq 23946 and cfv/items/any(i: i/customFieldItem eq 'Suporte Técnico')) and (baseStatus eq 'New' or baseStatus eq 'InAttendance' or baseStatus eq 'Stopped')
Movidesk URL [/ | skip=0]: https://api.movidesk.com/public/v1/tickets?token=7cfc09fb-51fb-4708-b2dc-2b4a4535674e&$select=id%2Csubject%2Cstatus%2CbaseStatus%2CcreatedDate%2ClastActionDate%2ClastUpdate%2CserviceFirstLevelId%2CserviceFirstLevel%2CserviceSecondLevel%2CslaAgreement%2CslaAgreementRule%2CslaSolutionTime%2CslaResponseTime%2CslaSolutionDate%2CslaSolutionDateIsPaused%2CslaResponseDate%2CslaRealResponseDate%2Cjustification%2CownerTeam&$filter=baseStatus ne 'Resolved' and baseStatus ne 'Closed' and baseStatus ne 'Canceled' and ((ownerTeam eq 'VIASOFT - Sistemas Internos')) and customFieldValues/any(cfv: cfv/customFieldId eq 23946 and cfv/items/any(i: i/customFieldItem eq 'Suporte Técnico')) and (baseStatus eq 'New' or baseStatus eq 'InAttendance' or baseStatus eq 'Stopped')&$expand=owner%2Cactions(%24select%3Did%2Ctype%2Corigin%2Cstatus%2CcreatedDate%2Cdescription%3B%24expand%3DcreatedBy)%2CcustomFieldValues(%24expand%3Ditems)%2Cclients(%24expand%3Dorganization)&$orderby=createdDate asc&$top=100&$skip=0
[sync-movidesk] Sincronização incremental: 0 chamado(s) atualizados.
(node:27072) [DEP0169] DeprecationWarning: `url.parse()` behavior is not standardized and prone to errors that have security implications. Use the WHATWG URL API instead. CVEs are not issued for `url.parse()` vulnerabilities.
(Use `node --trace-deprecation ...` to show where the warning was created)
Execucao finalizada em 07/08/2026 15:06:22 (exit code 0)
============================================
Execucao iniciada em 07/08/2026 15:07:15
[07/08/2026, 15:07:16] Iniciando sync-movidesk.js (modo: incremental)
🔍 Incremental sync desde: 2026-08-07T20:27:26Z
Filtro Movidesk: baseStatus ne 'Resolved' and baseStatus ne 'Closed' and baseStatus ne 'Canceled' and ((ownerTeam eq 'VIASOFT - Sistemas Internos')) and customFieldValues/any(cfv: cfv/customFieldId eq 23946 and cfv/items/any(i: i/customFieldItem eq 'Suporte Técnico')) and lastUpdate gt 2026-08-07T20:27:26Z
Movidesk URL [/ | skip=0]: https://api.movidesk.com/public/v1/tickets?token=7cfc09fb-51fb-4708-b2dc-2b4a4535674e&$select=id%2Csubject%2Cstatus%2CbaseStatus%2CcreatedDate%2ClastActionDate%2ClastUpdate%2CserviceFirstLevelId%2CserviceFirstLevel%2CserviceSecondLevel%2CslaAgreement%2CslaAgreementRule%2CslaSolutionTime%2CslaResponseTime%2CslaSolutionDate%2CslaSolutionDateIsPaused%2CslaResponseDate%2CslaRealResponseDate%2Cjustification%2CownerTeam&$filter=baseStatus ne 'Resolved' and baseStatus ne 'Closed' and baseStatus ne 'Canceled' and ((ownerTeam eq 'VIASOFT - Sistemas Internos')) and customFieldValues/any(cfv: cfv/customFieldId eq 23946 and cfv/items/any(i: i/customFieldItem eq 'Suporte Técnico')) and lastUpdate gt 2026-08-07T20:27:26Z&$expand=owner%2Cactions(%24select%3Did%2Ctype%2Corigin%2Cstatus%2CcreatedDate%2Cdescription%3B%24expand%3DcreatedBy)%2CcustomFieldValues(%24expand%3Ditems)%2Cclients(%24expand%3Dorganization)&$orderby=createdDate asc&$top=100&$skip=0
(node:15720) [DEP0169] DeprecationWarning: `url.parse()` behavior is not standardized and prone to errors that have security implications. Use the WHATWG URL API instead. CVEs are not issued for `url.parse()` vulnerabilities.
(Use `node --trace-deprecation ...` to show where the warning was created)
Execucao finalizada em 07/08/2026 15:07:26 (exit code -1073741510)
============================================
Execucao iniciada em 07/08/2026 15:09:15
[07/08/2026, 15:09:16] Iniciando sync-movidesk.js (modo: incremental)
🔍 Incremental sync desde: 2026-08-07T20:27:26Z
Filtro Movidesk: baseStatus ne 'Resolved' and baseStatus ne 'Closed' and baseStatus ne 'Canceled' and ((ownerTeam eq 'VIASOFT - Sistemas Internos')) and customFieldValues/any(cfv: cfv/customFieldId eq 23946 and cfv/items/any(i: i/customFieldItem eq 'Suporte Técnico')) and lastUpdate gt 2026-08-07T20:27:26Z
Movidesk URL [/ | skip=0]: https://api.movidesk.com/public/v1/tickets?token=7cfc09fb-51fb-4708-b2dc-2b4a4535674e&$select=id%2Csubject%2Cstatus%2CbaseStatus%2CcreatedDate%2ClastActionDate%2ClastUpdate%2CserviceFirstLevelId%2CserviceFirstLevel%2CserviceSecondLevel%2CslaAgreement%2CslaAgreementRule%2CslaSolutionTime%2CslaResponseTime%2CslaSolutionDate%2CslaSolutionDateIsPaused%2CslaResponseDate%2CslaRealResponseDate%2Cjustification%2CownerTeam&$filter=baseStatus ne 'Resolved' and baseStatus ne 'Closed' and baseStatus ne 'Canceled' and ((ownerTeam eq 'VIASOFT - Sistemas Internos')) and customFieldValues/any(cfv: cfv/customFieldId eq 23946 and cfv/items/any(i: i/customFieldItem eq 'Suporte Técnico')) and lastUpdate gt 2026-08-07T20:27:26Z&$expand=owner%2Cactions(%24select%3Did%2Ctype%2Corigin%2Cstatus%2CcreatedDate%2Cdescription%3B%24expand%3DcreatedBy)%2CcustomFieldValues(%24expand%3Ditems)%2Cclients(%24expand%3Dorganization)&$orderby=createdDate asc&$top=100&$skip=0
Filtro Movidesk: baseStatus ne 'Resolved' and baseStatus ne 'Closed' and baseStatus ne 'Canceled' and ((ownerTeam eq 'VIASOFT - Sistemas Internos')) and customFieldValues/any(cfv: cfv/customFieldId eq 23946 and cfv/items/any(i: i/customFieldItem eq 'Suporte Técnico')) and (baseStatus eq 'New' or baseStatus eq 'InAttendance' or baseStatus eq 'Stopped')
Movidesk URL [/ | skip=0]: https://api.movidesk.com/public/v1/tickets?token=7cfc09fb-51fb-4708-b2dc-2b4a4535674e&$select=id%2Csubject%2Cstatus%2CbaseStatus%2CcreatedDate%2ClastActionDate%2ClastUpdate%2CserviceFirstLevelId%2CserviceFirstLevel%2CserviceSecondLevel%2CslaAgreement%2CslaAgreementRule%2CslaSolutionTime%2CslaResponseTime%2CslaSolutionDate%2CslaSolutionDateIsPaused%2CslaResponseDate%2CslaRealResponseDate%2Cjustification%2CownerTeam&$filter=baseStatus ne 'Resolved' and baseStatus ne 'Closed' and baseStatus ne 'Canceled' and ((ownerTeam eq 'VIASOFT - Sistemas Internos')) and customFieldValues/any(cfv: cfv/customFieldId eq 23946 and cfv/items/any(i: i/customFieldItem eq 'Suporte Técnico')) and (baseStatus eq 'New' or baseStatus eq 'InAttendance' or baseStatus eq 'Stopped')&$expand=owner%2Cactions(%24select%3Did%2Ctype%2Corigin%2Cstatus%2CcreatedDate%2Cdescription%3B%24expand%3DcreatedBy)%2CcustomFieldValues(%24expand%3Ditems)%2Cclients(%24expand%3Dorganization)&$orderby=createdDate asc&$top=100&$skip=0
[sync-movidesk] Sincronização incremental: 0 chamado(s) atualizados.
(node:18428) [DEP0169] DeprecationWarning: `url.parse()` behavior is not standardized and prone to errors that have security implications. Use the WHATWG URL API instead. CVEs are not issued for `url.parse()` vulnerabilities.
(Use `node --trace-deprecation ...` to show where the warning was created)
Execucao finalizada em 07/08/2026 15:09:37 (exit code 0)
============================================
Execucao iniciada em 07/08/2026 15:11:15
[07/08/2026, 15:11:16] Iniciando sync-movidesk.js (modo: incremental)
🔍 Incremental sync desde: 2026-08-07T20:27:26Z
Filtro Movidesk: baseStatus ne 'Resolved' and baseStatus ne 'Closed' and baseStatus ne 'Canceled' and ((ownerTeam eq 'VIASOFT - Sistemas Internos')) and customFieldValues/any(cfv: cfv/customFieldId eq 23946 and cfv/items/any(i: i/customFieldItem eq 'Suporte Técnico')) and lastUpdate gt 2026-08-07T20:27:26Z
Movidesk URL [/ | skip=0]: https://api.movidesk.com/public/v1/tickets?token=7cfc09fb-51fb-4708-b2dc-2b4a4535674e&$select=id%2Csubject%2Cstatus%2CbaseStatus%2CcreatedDate%2ClastActionDate%2ClastUpdate%2CserviceFirstLevelId%2CserviceFirstLevel%2CserviceSecondLevel%2CslaAgreement%2CslaAgreementRule%2CslaSolutionTime%2CslaResponseTime%2CslaSolutionDate%2CslaSolutionDateIsPaused%2CslaResponseDate%2CslaRealResponseDate%2Cjustification%2CownerTeam&$filter=baseStatus ne 'Resolved' and baseStatus ne 'Closed' and baseStatus ne 'Canceled' and ((ownerTeam eq 'VIASOFT - Sistemas Internos')) and customFieldValues/any(cfv: cfv/customFieldId eq 23946 and cfv/items/any(i: i/customFieldItem eq 'Suporte Técnico')) and lastUpdate gt 2026-08-07T20:27:26Z&$expand=owner%2Cactions(%24select%3Did%2Ctype%2Corigin%2Cstatus%2CcreatedDate%2Cdescription%3B%24expand%3DcreatedBy)%2CcustomFieldValues(%24expand%3Ditems)%2Cclients(%24expand%3Dorganization)&$orderby=createdDate asc&$top=100&$skip=0
Filtro Movidesk: baseStatus ne 'Resolved' and baseStatus ne 'Closed' and baseStatus ne 'Canceled' and ((ownerTeam eq 'VIASOFT - Sistemas Internos')) and customFieldValues/any(cfv: cfv/customFieldId eq 23946 and cfv/items/any(i: i/customFieldItem eq 'Suporte Técnico')) and (baseStatus eq 'New' or baseStatus eq 'InAttendance' or baseStatus eq 'Stopped')
Movidesk URL [/ | skip=0]: https://api.movidesk.com/public/v1/tickets?token=7cfc09fb-51fb-4708-b2dc-2b4a4535674e&$select=id%2Csubject%2Cstatus%2CbaseStatus%2CcreatedDate%2ClastActionDate%2ClastUpdate%2CserviceFirstLevelId%2CserviceFirstLevel%2CserviceSecondLevel%2CslaAgreement%2CslaAgreementRule%2CslaSolutionTime%2CslaResponseTime%2CslaSolutionDate%2CslaSolutionDateIsPaused%2CslaResponseDate%2CslaRealResponseDate%2Cjustification%2CownerTeam&$filter=baseStatus ne 'Resolved' and baseStatus ne 'Closed' and baseStatus ne 'Canceled' and ((ownerTeam eq 'VIASOFT - Sistemas Internos')) and customFieldValues/any(cfv: cfv/customFieldId eq 23946 and cfv/items/any(i: i/customFieldItem eq 'Suporte Técnico')) and (baseStatus eq 'New' or baseStatus eq 'InAttendance' or baseStatus eq 'Stopped')&$expand=owner%2Cactions(%24select%3Did%2Ctype%2Corigin%2Cstatus%2CcreatedDate%2Cdescription%3B%24expand%3DcreatedBy)%2CcustomFieldValues(%24expand%3Ditems)%2Cclients(%24expand%3Dorganization)&$orderby=createdDate asc&$top=100&$skip=0
[sync-movidesk] Sincronização incremental: 0 chamado(s) atualizados.
(node:20252) [DEP0169] DeprecationWarning: `url.parse()` behavior is not standardized and prone to errors that have security implications. Use the WHATWG URL API instead. CVEs are not issued for `url.parse()` vulnerabilities.
(Use `node --trace-deprecation ...` to show where the warning was created)
Execucao finalizada em 07/08/2026 15:12:01 (exit code 0)
============================================
Execucao iniciada em 07/08/2026 15:13:15
[07/08/2026, 15:13:16] Iniciando sync-movidesk.js (modo: incremental)
🔍 Incremental sync desde: 2026-08-07T20:27:26Z
Filtro Movidesk: baseStatus ne 'Resolved' and baseStatus ne 'Closed' and baseStatus ne 'Canceled' and ((ownerTeam eq 'VIASOFT - Sistemas Internos')) and customFieldValues/any(cfv: cfv/customFieldId eq 23946 and cfv/items/any(i: i/customFieldItem eq 'Suporte Técnico')) and lastUpdate gt 2026-08-07T20:27:26Z
Movidesk URL [/ | skip=0]: https://api.movidesk.com/public/v1/tickets?token=7cfc09fb-51fb-4708-b2dc-2b4a4535674e&$select=id%2Csubject%2Cstatus%2CbaseStatus%2CcreatedDate%2ClastActionDate%2ClastUpdate%2CserviceFirstLevelId%2CserviceFirstLevel%2CserviceSecondLevel%2CslaAgreement%2CslaAgreementRule%2CslaSolutionTime%2CslaResponseTime%2CslaSolutionDate%2CslaSolutionDateIsPaused%2CslaResponseDate%2CslaRealResponseDate%2Cjustification%2CownerTeam&$filter=baseStatus ne 'Resolved' and baseStatus ne 'Closed' and baseStatus ne 'Canceled' and ((ownerTeam eq 'VIASOFT - Sistemas Internos')) and customFieldValues/any(cfv: cfv/customFieldId eq 23946 and cfv/items/any(i: i/customFieldItem eq 'Suporte Técnico')) and lastUpdate gt 2026-08-07T20:27:26Z&$expand=owner%2Cactions(%24select%3Did%2Ctype%2Corigin%2Cstatus%2CcreatedDate%2Cdescription%3B%24expand%3DcreatedBy)%2CcustomFieldValues(%24expand%3Ditems)%2Cclients(%24expand%3Dorganization)&$orderby=createdDate asc&$top=100&$skip=0
Filtro Movidesk: baseStatus ne 'Resolved' and baseStatus ne 'Closed' and baseStatus ne 'Canceled' and ((ownerTeam eq 'VIASOFT - Sistemas Internos')) and customFieldValues/any(cfv: cfv/customFieldId eq 23946 and cfv/items/any(i: i/customFieldItem eq 'Suporte Técnico')) and (baseStatus eq 'New' or baseStatus eq 'InAttendance' or baseStatus eq 'Stopped')
Movidesk URL [/ | skip=0]: https://api.movidesk.com/public/v1/tickets?token=7cfc09fb-51fb-4708-b2dc-2b4a4535674e&$select=id%2Csubject%2Cstatus%2CbaseStatus%2CcreatedDate%2ClastActionDate%2ClastUpdate%2CserviceFirstLevelId%2CserviceFirstLevel%2CserviceSecondLevel%2CslaAgreement%2CslaAgreementRule%2CslaSolutionTime%2CslaResponseTime%2CslaSolutionDate%2CslaSolutionDateIsPaused%2CslaResponseDate%2CslaRealResponseDate%2Cjustification%2CownerTeam&$filter=baseStatus ne 'Resolved' and baseStatus ne 'Closed' and baseStatus ne 'Canceled' and ((ownerTeam eq 'VIASOFT - Sistemas Internos')) and customFieldValues/any(cfv: cfv/customFieldId eq 23946 and cfv/items/any(i: i/customFieldItem eq 'Suporte Técnico')) and (baseStatus eq 'New' or baseStatus eq 'InAttendance' or baseStatus eq 'Stopped')&$expand=owner%2Cactions(%24select%3Did%2Ctype%2Corigin%2Cstatus%2CcreatedDate%2Cdescription%3B%24expand%3DcreatedBy)%2CcustomFieldValues(%24expand%3Ditems)%2Cclients(%24expand%3Dorganization)&$orderby=createdDate asc&$top=100&$skip=0
[sync-movidesk] Sincronização incremental: 0 chamado(s) atualizados.
(node:26340) [DEP0169] DeprecationWarning: `url.parse()` behavior is not standardized and prone to errors that have security implications. Use the WHATWG URL API instead. CVEs are not issued for `url.parse()` vulnerabilities.
(Use `node --trace-deprecation ...` to show where the warning was created)
Execucao finalizada em 07/08/2026 15:13:53 (exit code 0)
============================================
Execucao iniciada em 07/08/2026 15:15:15
[07/08/2026, 15:15:16] Iniciando sync-movidesk.js (modo: incremental)
🔍 Incremental sync desde: 2026-08-07T20:27:26Z
Filtro Movidesk: baseStatus ne 'Resolved' and baseStatus ne 'Closed' and baseStatus ne 'Canceled' and ((ownerTeam eq 'VIASOFT - Sistemas Internos')) and customFieldValues/any(cfv: cfv/customFieldId eq 23946 and cfv/items/any(i: i/customFieldItem eq 'Suporte Técnico')) and lastUpdate gt 2026-08-07T20:27:26Z
Movidesk URL [/ | skip=0]: https://api.movidesk.com/public/v1/tickets?token=7cfc09fb-51fb-4708-b2dc-2b4a4535674e&$select=id%2Csubject%2Cstatus%2CbaseStatus%2CcreatedDate%2ClastActionDate%2ClastUpdate%2CserviceFirstLevelId%2CserviceFirstLevel%2CserviceSecondLevel%2CslaAgreement%2CslaAgreementRule%2CslaSolutionTime%2CslaResponseTime%2CslaSolutionDate%2CslaSolutionDateIsPaused%2CslaResponseDate%2CslaRealResponseDate%2Cjustification%2CownerTeam&$filter=baseStatus ne 'Resolved' and baseStatus ne 'Closed' and baseStatus ne 'Canceled' and ((ownerTeam eq 'VIASOFT - Sistemas Internos')) and customFieldValues/any(cfv: cfv/customFieldId eq 23946 and cfv/items/any(i: i/customFieldItem eq 'Suporte Técnico')) and lastUpdate gt 2026-08-07T20:27:26Z&$expand=owner%2Cactions(%24select%3Did%2Ctype%2Corigin%2Cstatus%2CcreatedDate%2Cdescription%3B%24expand%3DcreatedBy)%2CcustomFieldValues(%24expand%3Ditems)%2Cclients(%24expand%3Dorganization)&$orderby=createdDate asc&$top=100&$skip=0
Filtro Movidesk: baseStatus ne 'Resolved' and baseStatus ne 'Closed' and baseStatus ne 'Canceled' and ((ownerTeam eq 'VIASOFT - Sistemas Internos')) and customFieldValues/any(cfv: cfv/customFieldId eq 23946 and cfv/items/any(i: i/customFieldItem eq 'Suporte Técnico')) and (baseStatus eq 'New' or baseStatus eq 'InAttendance' or baseStatus eq 'Stopped')
Movidesk URL [/ | skip=0]: https://api.movidesk.com/public/v1/tickets?token=7cfc09fb-51fb-4708-b2dc-2b4a4535674e&$select=id%2Csubject%2Cstatus%2CbaseStatus%2CcreatedDate%2ClastActionDate%2ClastUpdate%2CserviceFirstLevelId%2CserviceFirstLevel%2CserviceSecondLevel%2CslaAgreement%2CslaAgreementRule%2CslaSolutionTime%2CslaResponseTime%2CslaSolutionDate%2CslaSolutionDateIsPaused%2CslaResponseDate%2CslaRealResponseDate%2Cjustification%2CownerTeam&$filter=baseStatus ne 'Resolved' and baseStatus ne 'Closed' and baseStatus ne 'Canceled' and ((ownerTeam eq 'VIASOFT - Sistemas Internos')) and customFieldValues/any(cfv: cfv/customFieldId eq 23946 and cfv/items/any(i: i/customFieldItem eq 'Suporte Técnico')) and (baseStatus eq 'New' or baseStatus eq 'InAttendance' or baseStatus eq 'Stopped')&$expand=owner%2Cactions(%24select%3Did%2Ctype%2Corigin%2Cstatus%2CcreatedDate%2Cdescription%3B%24expand%3DcreatedBy)%2CcustomFieldValues(%24expand%3Ditems)%2Cclients(%24expand%3Dorganization)&$orderby=createdDate asc&$top=100&$skip=0
[sync-movidesk] Sincronização incremental: 0 chamado(s) atualizados.
(node:8740) [DEP0169] DeprecationWarning: `url.parse()` behavior is not standardized and prone to errors that have security implications. Use the WHATWG URL API instead. CVEs are not issued for `url.parse()` vulnerabilities.
(Use `node --trace-deprecation ...` to show where the warning was created)
Execucao finalizada em 07/08/2026 15:16:17 (exit code 0)
============================================
Execucao iniciada em 07/08/2026 15:17:15
[07/08/2026, 15:17:16] Iniciando sync-movidesk.js (modo: incremental)
🔍 Incremental sync desde: 2026-08-07T20:27:26Z
Filtro Movidesk: baseStatus ne 'Resolved' and baseStatus ne 'Closed' and baseStatus ne 'Canceled' and ((ownerTeam eq 'VIASOFT - Sistemas Internos')) and customFieldValues/any(cfv: cfv/customFieldId eq 23946 and cfv/items/any(i: i/customFieldItem eq 'Suporte Técnico')) and lastUpdate gt 2026-08-07T20:27:26Z
Movidesk URL [/ | skip=0]: https://api.movidesk.com/public/v1/tickets?token=7cfc09fb-51fb-4708-b2dc-2b4a4535674e&$select=id%2Csubject%2Cstatus%2CbaseStatus%2CcreatedDate%2ClastActionDate%2ClastUpdate%2CserviceFirstLevelId%2CserviceFirstLevel%2CserviceSecondLevel%2CslaAgreement%2CslaAgreementRule%2CslaSolutionTime%2CslaResponseTime%2CslaSolutionDate%2CslaSolutionDateIsPaused%2CslaResponseDate%2CslaRealResponseDate%2Cjustification%2CownerTeam&$filter=baseStatus ne 'Resolved' and baseStatus ne 'Closed' and baseStatus ne 'Canceled' and ((ownerTeam eq 'VIASOFT - Sistemas Internos')) and customFieldValues/any(cfv: cfv/customFieldId eq 23946 and cfv/items/any(i: i/customFieldItem eq 'Suporte Técnico')) and lastUpdate gt 2026-08-07T20:27:26Z&$expand=owner%2Cactions(%24select%3Did%2Ctype%2Corigin%2Cstatus%2CcreatedDate%2Cdescription%3B%24expand%3DcreatedBy)%2CcustomFieldValues(%24expand%3Ditems)%2Cclients(%24expand%3Dorganization)&$orderby=createdDate asc&$top=100&$skip=0
Filtro Movidesk: baseStatus ne 'Resolved' and baseStatus ne 'Closed' and baseStatus ne 'Canceled' and ((ownerTeam eq 'VIASOFT - Sistemas Internos')) and customFieldValues/any(cfv: cfv/customFieldId eq 23946 and cfv/items/any(i: i/customFieldItem eq 'Suporte Técnico')) and (baseStatus eq 'New' or baseStatus eq 'InAttendance' or baseStatus eq 'Stopped')
Movidesk URL [/ | skip=0]: https://api.movidesk.com/public/v1/tickets?token=7cfc09fb-51fb-4708-b2dc-2b4a4535674e&$select=id%2Csubject%2Cstatus%2CbaseStatus%2CcreatedDate%2ClastActionDate%2ClastUpdate%2CserviceFirstLevelId%2CserviceFirstLevel%2CserviceSecondLevel%2CslaAgreement%2CslaAgreementRule%2CslaSolutionTime%2CslaResponseTime%2CslaSolutionDate%2CslaSolutionDateIsPaused%2CslaResponseDate%2CslaRealResponseDate%2Cjustification%2CownerTeam&$filter=baseStatus ne 'Resolved' and baseStatus ne 'Closed' and baseStatus ne 'Canceled' and ((ownerTeam eq 'VIASOFT - Sistemas Internos')) and customFieldValues/any(cfv: cfv/customFieldId eq 23946 and cfv/items/any(i: i/customFieldItem eq 'Suporte Técnico')) and (baseStatus eq 'New' or baseStatus eq 'InAttendance' or baseStatus eq 'Stopped')&$expand=owner%2Cactions(%24select%3Did%2Ctype%2Corigin%2Cstatus%2CcreatedDate%2Cdescription%3B%24expand%3DcreatedBy)%2CcustomFieldValues(%24expand%3Ditems)%2Cclients(%24expand%3Dorganization)&$orderby=createdDate asc&$top=100&$skip=0
[sync-movidesk] Sincronização incremental: 0 chamado(s) atualizados.
(node:5988) [DEP0169] DeprecationWarning: `url.parse()` behavior is not standardized and prone to errors that have security implications. Use the WHATWG URL API instead. CVEs are not issued for `url.parse()` vulnerabilities.
(Use `node --trace-deprecation ...` to show where the warning was created)
Execucao finalizada em 07/08/2026 15:18:01 (exit code 0)
============================================
Execucao iniciada em 07/08/2026 15:19:15
[07/08/2026, 15:19:16] Iniciando sync-movidesk.js (modo: incremental)
🔍 Incremental sync desde: 2026-08-07T20:27:26Z
Filtro Movidesk: baseStatus ne 'Resolved' and baseStatus ne 'Closed' and baseStatus ne 'Canceled' and ((ownerTeam eq 'VIASOFT - Sistemas Internos')) and customFieldValues/any(cfv: cfv/customFieldId eq 23946 and cfv/items/any(i: i/customFieldItem eq 'Suporte Técnico')) and lastUpdate gt 2026-08-07T20:27:26Z
Movidesk URL [/ | skip=0]: https://api.movidesk.com/public/v1/tickets?token=7cfc09fb-51fb-4708-b2dc-2b4a4535674e&$select=id%2Csubject%2Cstatus%2CbaseStatus%2CcreatedDate%2ClastActionDate%2ClastUpdate%2CserviceFirstLevelId%2CserviceFirstLevel%2CserviceSecondLevel%2CslaAgreement%2CslaAgreementRule%2CslaSolutionTime%2CslaResponseTime%2CslaSolutionDate%2CslaSolutionDateIsPaused%2CslaResponseDate%2CslaRealResponseDate%2Cjustification%2CownerTeam&$filter=baseStatus ne 'Resolved' and baseStatus ne 'Closed' and baseStatus ne 'Canceled' and ((ownerTeam eq 'VIASOFT - Sistemas Internos')) and customFieldValues/any(cfv: cfv/customFieldId eq 23946 and cfv/items/any(i: i/customFieldItem eq 'Suporte Técnico')) and lastUpdate gt 2026-08-07T20:27:26Z&$expand=owner%2Cactions(%24select%3Did%2Ctype%2Corigin%2Cstatus%2CcreatedDate%2Cdescription%3B%24expand%3DcreatedBy)%2CcustomFieldValues(%24expand%3Ditems)%2Cclients(%24expand%3Dorganization)&$orderby=createdDate asc&$top=100&$skip=0
Filtro Movidesk: baseStatus ne 'Resolved' and baseStatus ne 'Closed' and baseStatus ne 'Canceled' and ((ownerTeam eq 'VIASOFT - Sistemas Internos')) and customFieldValues/any(cfv: cfv/customFieldId eq 23946 and cfv/items/any(i: i/customFieldItem eq 'Suporte Técnico')) and (baseStatus eq 'New' or baseStatus eq 'InAttendance' or baseStatus eq 'Stopped')
Movidesk URL [/ | skip=0]: https://api.movidesk.com/public/v1/tickets?token=7cfc09fb-51fb-4708-b2dc-2b4a4535674e&$select=id%2Csubject%2Cstatus%2CbaseStatus%2CcreatedDate%2ClastActionDate%2ClastUpdate%2CserviceFirstLevelId%2CserviceFirstLevel%2CserviceSecondLevel%2CslaAgreement%2CslaAgreementRule%2CslaSolutionTime%2CslaResponseTime%2CslaSolutionDate%2CslaSolutionDateIsPaused%2CslaResponseDate%2CslaRealResponseDate%2Cjustification%2CownerTeam&$filter=baseStatus ne 'Resolved' and baseStatus ne 'Closed' and baseStatus ne 'Canceled' and ((ownerTeam eq 'VIASOFT - Sistemas Internos')) and customFieldValues/any(cfv: cfv/customFieldId eq 23946 and cfv/items/any(i: i/customFieldItem eq 'Suporte Técnico')) and (baseStatus eq 'New' or baseStatus eq 'InAttendance' or baseStatus eq 'Stopped')&$expand=owner%2Cactions(%24select%3Did%2Ctype%2Corigin%2Cstatus%2CcreatedDate%2Cdescription%3B%24expand%3DcreatedBy)%2CcustomFieldValues(%24expand%3Ditems)%2Cclients(%24expand%3Dorganization)&$orderby=createdDate asc&$top=100&$skip=0
[sync-movidesk] Sincronização incremental: 0 chamado(s) atualizados.
(node:12648) [DEP0169] DeprecationWarning: `url.parse()` behavior is not standardized and prone to errors that have security implications. Use the WHATWG URL API instead. CVEs are not issued for `url.parse()` vulnerabilities.
(Use `node --trace-deprecation ...` to show where the warning was created)
Execucao finalizada em 07/08/2026 15:20:01 (exit code 0)
============================================
Execucao iniciada em 07/08/2026 15:21:15
[07/08/2026, 15:21:16] Iniciando sync-movidesk.js (modo: incremental)
🔍 Incremental sync desde: 2026-08-07T20:27:26Z
Filtro Movidesk: baseStatus ne 'Resolved' and baseStatus ne 'Closed' and baseStatus ne 'Canceled' and ((ownerTeam eq 'VIASOFT - Sistemas Internos')) and customFieldValues/any(cfv: cfv/customFieldId eq 23946 and cfv/items/any(i: i/customFieldItem eq 'Suporte Técnico')) and lastUpdate gt 2026-08-07T20:27:26Z
Movidesk URL [/ | skip=0]: https://api.movidesk.com/public/v1/tickets?token=7cfc09fb-51fb-4708-b2dc-2b4a4535674e&$select=id%2Csubject%2Cstatus%2CbaseStatus%2CcreatedDate%2ClastActionDate%2ClastUpdate%2CserviceFirstLevelId%2CserviceFirstLevel%2CserviceSecondLevel%2CslaAgreement%2CslaAgreementRule%2CslaSolutionTime%2CslaResponseTime%2CslaSolutionDate%2CslaSolutionDateIsPaused%2CslaResponseDate%2CslaRealResponseDate%2Cjustification%2CownerTeam&$filter=baseStatus ne 'Resolved' and baseStatus ne 'Closed' and baseStatus ne 'Canceled' and ((ownerTeam eq 'VIASOFT - Sistemas Internos')) and customFieldValues/any(cfv: cfv/customFieldId eq 23946 and cfv/items/any(i: i/customFieldItem eq 'Suporte Técnico')) and lastUpdate gt 2026-08-07T20:27:26Z&$expand=owner%2Cactions(%24select%3Did%2Ctype%2Corigin%2Cstatus%2CcreatedDate%2Cdescription%3B%24expand%3DcreatedBy)%2CcustomFieldValues(%24expand%3Ditems)%2Cclients(%24expand%3Dorganization)&$orderby=createdDate asc&$top=100&$skip=0
Filtro Movidesk: baseStatus ne 'Resolved' and baseStatus ne 'Closed' and baseStatus ne 'Canceled' and ((ownerTeam eq 'VIASOFT - Sistemas Internos')) and customFieldValues/any(cfv: cfv/customFieldId eq 23946 and cfv/items/any(i: i/customFieldItem eq 'Suporte Técnico')) and (baseStatus eq 'New' or baseStatus eq 'InAttendance' or baseStatus eq 'Stopped')
Movidesk URL [/ | skip=0]: https://api.movidesk.com/public/v1/tickets?token=7cfc09fb-51fb-4708-b2dc-2b4a4535674e&$select=id%2Csubject%2Cstatus%2CbaseStatus%2CcreatedDate%2ClastActionDate%2ClastUpdate%2CserviceFirstLevelId%2CserviceFirstLevel%2CserviceSecondLevel%2CslaAgreement%2CslaAgreementRule%2CslaSolutionTime%2CslaResponseTime%2CslaSolutionDate%2CslaSolutionDateIsPaused%2CslaResponseDate%2CslaRealResponseDate%2Cjustification%2CownerTeam&$filter=baseStatus ne 'Resolved' and baseStatus ne 'Closed' and baseStatus ne 'Canceled' and ((ownerTeam eq 'VIASOFT - Sistemas Internos')) and customFieldValues/any(cfv: cfv/customFieldId eq 23946 and cfv/items/any(i: i/customFieldItem eq 'Suporte Técnico')) and (baseStatus eq 'New' or baseStatus eq 'InAttendance' or baseStatus eq 'Stopped')&$expand=owner%2Cactions(%24select%3Did%2Ctype%2Corigin%2Cstatus%2CcreatedDate%2Cdescription%3B%24expand%3DcreatedBy)%2CcustomFieldValues(%24expand%3Ditems)%2Cclients(%24expand%3Dorganization)&$orderby=createdDate asc&$top=100&$skip=0
[sync-movidesk] Sincronização incremental: 0 chamado(s) atualizados.
(node:5988) [DEP0169] DeprecationWarning: `url.parse()` behavior is not standardized and prone to errors that have security implications. Use the WHATWG URL API instead. CVEs are not issued for `url.parse()` vulnerabilities.
(Use `node --trace-deprecation ...` to show where the warning was created)
Execucao finalizada em 07/08/2026 15:22:04 (exit code 0)
============================================
Execucao iniciada em 07/08/2026 15:23:15
[07/08/2026, 15:23:16] Iniciando sync-movidesk.js (modo: incremental)
🔍 Incremental sync desde: 2026-08-07T20:27:26Z
Filtro Movidesk: baseStatus ne 'Resolved' and baseStatus ne 'Closed' and baseStatus ne 'Canceled' and ((ownerTeam eq 'VIASOFT - Sistemas Internos')) and customFieldValues/any(cfv: cfv/customFieldId eq 23946 and cfv/items/any(i: i/customFieldItem eq 'Suporte Técnico')) and lastUpdate gt 2026-08-07T20:27:26Z
Movidesk URL [/ | skip=0]: https://api.movidesk.com/public/v1/tickets?token=7cfc09fb-51fb-4708-b2dc-2b4a4535674e&$select=id%2Csubject%2Cstatus%2CbaseStatus%2CcreatedDate%2ClastActionDate%2ClastUpdate%2CserviceFirstLevelId%2CserviceFirstLevel%2CserviceSecondLevel%2CslaAgreement%2CslaAgreementRule%2CslaSolutionTime%2CslaResponseTime%2CslaSolutionDate%2CslaSolutionDateIsPaused%2CslaResponseDate%2CslaRealResponseDate%2Cjustification%2CownerTeam&$filter=baseStatus ne 'Resolved' and baseStatus ne 'Closed' and baseStatus ne 'Canceled' and ((ownerTeam eq 'VIASOFT - Sistemas Internos')) and customFieldValues/any(cfv: cfv/customFieldId eq 23946 and cfv/items/any(i: i/customFieldItem eq 'Suporte Técnico')) and lastUpdate gt 2026-08-07T20:27:26Z&$expand=owner%2Cactions(%24select%3Did%2Ctype%2Corigin%2Cstatus%2CcreatedDate%2Cdescription%3B%24expand%3DcreatedBy)%2CcustomFieldValues(%24expand%3Ditems)%2Cclients(%24expand%3Dorganization)&$orderby=createdDate asc&$top=100&$skip=0
Filtro Movidesk: baseStatus ne 'Resolved' and baseStatus ne 'Closed' and baseStatus ne 'Canceled' and ((ownerTeam eq 'VIASOFT - Sistemas Internos')) and customFieldValues/any(cfv: cfv/customFieldId eq 23946 and cfv/items/any(i: i/customFieldItem eq 'Suporte Técnico')) and (baseStatus eq 'New' or baseStatus eq 'InAttendance' or baseStatus eq 'Stopped')
Movidesk URL [/ | skip=0]: https://api.movidesk.com/public/v1/tickets?token=7cfc09fb-51fb-4708-b2dc-2b4a4535674e&$select=id%2Csubject%2Cstatus%2CbaseStatus%2CcreatedDate%2ClastActionDate%2ClastUpdate%2CserviceFirstLevelId%2CserviceFirstLevel%2CserviceSecondLevel%2CslaAgreement%2CslaAgreementRule%2CslaSolutionTime%2CslaResponseTime%2CslaSolutionDate%2CslaSolutionDateIsPaused%2CslaResponseDate%2CslaRealResponseDate%2Cjustification%2CownerTeam&$filter=baseStatus ne 'Resolved' and baseStatus ne 'Closed' and baseStatus ne 'Canceled' and ((ownerTeam eq 'VIASOFT - Sistemas Internos')) and customFieldValues/any(cfv: cfv/customFieldId eq 23946 and cfv/items/any(i: i/customFieldItem eq 'Suporte Técnico')) and (baseStatus eq 'New' or baseStatus eq 'InAttendance' or baseStatus eq 'Stopped')&$expand=owner%2Cactions(%24select%3Did%2Ctype%2Corigin%2Cstatus%2CcreatedDate%2Cdescription%3B%24expand%3DcreatedBy)%2CcustomFieldValues(%24expand%3Ditems)%2Cclients(%24expand%3Dorganization)&$orderby=createdDate asc&$top=100&$skip=0
[sync-movidesk] Sincronização incremental: 0 chamado(s) atualizados.
(node:14256) [DEP0169] DeprecationWarning: `url.parse()` behavior is not standardized and prone to errors that have security implications. Use the WHATWG URL API instead. CVEs are not issued for `url.parse()` vulnerabilities.
(Use `node --trace-deprecation ...` to show where the warning was created)
Execucao finalizada em 07/08/2026 15:23:56 (exit code 0)
============================================
Execucao iniciada em 07/08/2026 15:25:15
[07/08/2026, 15:25:16] Iniciando sync-movidesk.js (modo: incremental)
🔍 Incremental sync desde: 2026-08-07T20:27:26Z
Filtro Movidesk: baseStatus ne 'Resolved' and baseStatus ne 'Closed' and baseStatus ne 'Canceled' and ((ownerTeam eq 'VIASOFT - Sistemas Internos')) and customFieldValues/any(cfv: cfv/customFieldId eq 23946 and cfv/items/any(i: i/customFieldItem eq 'Suporte Técnico')) and lastUpdate gt 2026-08-07T20:27:26Z
Movidesk URL [/ | skip=0]: https://api.movidesk.com/public/v1/tickets?token=7cfc09fb-51fb-4708-b2dc-2b4a4535674e&$select=id%2Csubject%2Cstatus%2CbaseStatus%2CcreatedDate%2ClastActionDate%2ClastUpdate%2CserviceFirstLevelId%2CserviceFirstLevel%2CserviceSecondLevel%2CslaAgreement%2CslaAgreementRule%2CslaSolutionTime%2CslaResponseTime%2CslaSolutionDate%2CslaSolutionDateIsPaused%2CslaResponseDate%2CslaRealResponseDate%2Cjustification%2CownerTeam&$filter=baseStatus ne 'Resolved' and baseStatus ne 'Closed' and baseStatus ne 'Canceled' and ((ownerTeam eq 'VIASOFT - Sistemas Internos')) and customFieldValues/any(cfv: cfv/customFieldId eq 23946 and cfv/items/any(i: i/customFieldItem eq 'Suporte Técnico')) and lastUpdate gt 2026-08-07T20:27:26Z&$expand=owner%2Cactions(%24select%3Did%2Ctype%2Corigin%2Cstatus%2CcreatedDate%2Cdescription%3B%24expand%3DcreatedBy)%2CcustomFieldValues(%24expand%3Ditems)%2Cclients(%24expand%3Dorganization)&$orderby=createdDate asc&$top=100&$skip=0
Filtro Movidesk: baseStatus ne 'Resolved' and baseStatus ne 'Closed' and baseStatus ne 'Canceled' and ((ownerTeam eq 'VIASOFT - Sistemas Internos')) and customFieldValues/any(cfv: cfv/customFieldId eq 23946 and cfv/items/any(i: i/customFieldItem eq 'Suporte Técnico')) and (baseStatus eq 'New' or baseStatus eq 'InAttendance' or baseStatus eq 'Stopped')
Movidesk URL [/ | skip=0]: https://api.movidesk.com/public/v1/tickets?token=7cfc09fb-51fb-4708-b2dc-2b4a4535674e&$select=id%2Csubject%2Cstatus%2CbaseStatus%2CcreatedDate%2ClastActionDate%2ClastUpdate%2CserviceFirstLevelId%2CserviceFirstLevel%2CserviceSecondLevel%2CslaAgreement%2CslaAgreementRule%2CslaSolutionTime%2CslaResponseTime%2CslaSolutionDate%2CslaSolutionDateIsPaused%2CslaResponseDate%2CslaRealResponseDate%2Cjustification%2CownerTeam&$filter=baseStatus ne 'Resolved' and baseStatus ne 'Closed' and baseStatus ne 'Canceled' and ((ownerTeam eq 'VIASOFT - Sistemas Internos')) and customFieldValues/any(cfv: cfv/customFieldId eq 23946 and cfv/items/any(i: i/customFieldItem eq 'Suporte Técnico')) and (baseStatus eq 'New' or baseStatus eq 'InAttendance' or baseStatus eq 'Stopped')&$expand=owner%2Cactions(%24select%3Did%2Ctype%2Corigin%2Cstatus%2CcreatedDate%2Cdescription%3B%24expand%3DcreatedBy)%2CcustomFieldValues(%24expand%3Ditems)%2Cclients(%24expand%3Dorganization)&$orderby=createdDate asc&$top=100&$skip=0
[sync-movidesk] Sincronização incremental: 0 chamado(s) atualizados.
(node:8900) [DEP0169] DeprecationWarning: `url.parse()` behavior is not standardized and prone to errors that have security implications. Use the WHATWG URL API instead. CVEs are not issued for `url.parse()` vulnerabilities.
(Use `node --trace-deprecation ...` to show where the warning was created)
Execucao finalizada em 07/08/2026 15:26:10 (exit code 0)
============================================
Execucao iniciada em 07/08/2026 15:27:15
[07/08/2026, 15:27:16] Iniciando sync-movidesk.js (modo: incremental)
🔍 Incremental sync desde: 2026-08-07T20:27:26Z
Filtro Movidesk: baseStatus ne 'Resolved' and baseStatus ne 'Closed' and baseStatus ne 'Canceled' and ((ownerTeam eq 'VIASOFT - Sistemas Internos')) and customFieldValues/any(cfv: cfv/customFieldId eq 23946 and cfv/items/any(i: i/customFieldItem eq 'Suporte Técnico')) and lastUpdate gt 2026-08-07T20:27:26Z
Movidesk URL [/ | skip=0]: https://api.movidesk.com/public/v1/tickets?token=7cfc09fb-51fb-4708-b2dc-2b4a4535674e&$select=id%2Csubject%2Cstatus%2CbaseStatus%2CcreatedDate%2ClastActionDate%2ClastUpdate%2CserviceFirstLevelId%2CserviceFirstLevel%2CserviceSecondLevel%2CslaAgreement%2CslaAgreementRule%2CslaSolutionTime%2CslaResponseTime%2CslaSolutionDate%2CslaSolutionDateIsPaused%2CslaResponseDate%2CslaRealResponseDate%2Cjustification%2CownerTeam&$filter=baseStatus ne 'Resolved' and baseStatus ne 'Closed' and baseStatus ne 'Canceled' and ((ownerTeam eq 'VIASOFT - Sistemas Internos')) and customFieldValues/any(cfv: cfv/customFieldId eq 23946 and cfv/items/any(i: i/customFieldItem eq 'Suporte Técnico')) and lastUpdate gt 2026-08-07T20:27:26Z&$expand=owner%2Cactions(%24select%3Did%2Ctype%2Corigin%2Cstatus%2CcreatedDate%2Cdescription%3B%24expand%3DcreatedBy)%2CcustomFieldValues(%24expand%3Ditems)%2Cclients(%24expand%3Dorganization)&$orderby=createdDate asc&$top=100&$skip=0
Filtro Movidesk: baseStatus ne 'Resolved' and baseStatus ne 'Closed' and baseStatus ne 'Canceled' and ((ownerTeam eq 'VIASOFT - Sistemas Internos')) and customFieldValues/any(cfv: cfv/customFieldId eq 23946 and cfv/items/any(i: i/customFieldItem eq 'Suporte Técnico')) and (baseStatus eq 'New' or baseStatus eq 'InAttendance' or baseStatus eq 'Stopped')
Movidesk URL [/ | skip=0]: https://api.movidesk.com/public/v1/tickets?token=7cfc09fb-51fb-4708-b2dc-2b4a4535674e&$select=id%2Csubject%2Cstatus%2CbaseStatus%2CcreatedDate%2ClastActionDate%2ClastUpdate%2CserviceFirstLevelId%2CserviceFirstLevel%2CserviceSecondLevel%2CslaAgreement%2CslaAgreementRule%2CslaSolutionTime%2CslaResponseTime%2CslaSolutionDate%2CslaSolutionDateIsPaused%2CslaResponseDate%2CslaRealResponseDate%2Cjustification%2CownerTeam&$filter=baseStatus ne 'Resolved' and baseStatus ne 'Closed' and baseStatus ne 'Canceled' and ((ownerTeam eq 'VIASOFT - Sistemas Internos')) and customFieldValues/any(cfv: cfv/customFieldId eq 23946 and cfv/items/any(i: i/customFieldItem eq 'Suporte Técnico')) and (baseStatus eq 'New' or baseStatus eq 'InAttendance' or baseStatus eq 'Stopped')&$expand=owner%2Cactions(%24select%3Did%2Ctype%2Corigin%2Cstatus%2CcreatedDate%2Cdescription%3B%24expand%3DcreatedBy)%2CcustomFieldValues(%24expand%3Ditems)%2Cclients(%24expand%3Dorganization)&$orderby=createdDate asc&$top=100&$skip=0
[sync-movidesk] Sincronização incremental: 0 chamado(s) atualizados.
(node:8772) [DEP0169] DeprecationWarning: `url.parse()` behavior is not standardized and prone to errors that have security implications. Use the WHATWG URL API instead. CVEs are not issued for `url.parse()` vulnerabilities.
(Use `node --trace-deprecation ...` to show where the warning was created)
Execucao finalizada em 07/08/2026 15:28:01 (exit code 0)
============================================
Execucao iniciada em 07/08/2026 15:29:15
[07/08/2026, 15:29:16] Iniciando sync-movidesk.js (modo: incremental)
🔍 Incremental sync desde: 2026-08-07T20:27:26Z
Filtro Movidesk: baseStatus ne 'Resolved' and baseStatus ne 'Closed' and baseStatus ne 'Canceled' and ((ownerTeam eq 'VIASOFT - Sistemas Internos')) and customFieldValues/any(cfv: cfv/customFieldId eq 23946 and cfv/items/any(i: i/customFieldItem eq 'Suporte Técnico')) and lastUpdate gt 2026-08-07T20:27:26Z
Movidesk URL [/ | skip=0]: https://api.movidesk.com/public/v1/tickets?token=7cfc09fb-51fb-4708-b2dc-2b4a4535674e&$select=id%2Csubject%2Cstatus%2CbaseStatus%2CcreatedDate%2ClastActionDate%2ClastUpdate%2CserviceFirstLevelId%2CserviceFirstLevel%2CserviceSecondLevel%2CslaAgreement%2CslaAgreementRule%2CslaSolutionTime%2CslaResponseTime%2CslaSolutionDate%2CslaSolutionDateIsPaused%2CslaResponseDate%2CslaRealResponseDate%2Cjustification%2CownerTeam&$filter=baseStatus ne 'Resolved' and baseStatus ne 'Closed' and baseStatus ne 'Canceled' and ((ownerTeam eq 'VIASOFT - Sistemas Internos')) and customFieldValues/any(cfv: cfv/customFieldId eq 23946 and cfv/items/any(i: i/customFieldItem eq 'Suporte Técnico')) and lastUpdate gt 2026-08-07T20:27:26Z&$expand=owner%2Cactions(%24select%3Did%2Ctype%2Corigin%2Cstatus%2CcreatedDate%2Cdescription%3B%24expand%3DcreatedBy)%2CcustomFieldValues(%24expand%3Ditems)%2Cclients(%24expand%3Dorganization)&$orderby=createdDate asc&$top=100&$skip=0
Filtro Movidesk: baseStatus ne 'Resolved' and baseStatus ne 'Closed' and baseStatus ne 'Canceled' and ((ownerTeam eq 'VIASOFT - Sistemas Internos')) and customFieldValues/any(cfv: cfv/customFieldId eq 23946 and cfv/items/any(i: i/customFieldItem eq 'Suporte Técnico')) and (baseStatus eq 'New' or baseStatus eq 'InAttendance' or baseStatus eq 'Stopped')
Movidesk URL [/ | skip=0]: https://api.movidesk.com/public/v1/tickets?token=7cfc09fb-51fb-4708-b2dc-2b4a4535674e&$select=id%2Csubject%2Cstatus%2CbaseStatus%2CcreatedDate%2ClastActionDate%2ClastUpdate%2CserviceFirstLevelId%2CserviceFirstLevel%2CserviceSecondLevel%2CslaAgreement%2CslaAgreementRule%2CslaSolutionTime%2CslaResponseTime%2CslaSolutionDate%2CslaSolutionDateIsPaused%2CslaResponseDate%2CslaRealResponseDate%2Cjustification%2CownerTeam&$filter=baseStatus ne 'Resolved' and baseStatus ne 'Closed' and baseStatus ne 'Canceled' and ((ownerTeam eq 'VIASOFT - Sistemas Internos')) and customFieldValues/any(cfv: cfv/customFieldId eq 23946 and cfv/items/any(i: i/customFieldItem eq 'Suporte Técnico')) and (baseStatus eq 'New' or baseStatus eq 'InAttendance' or baseStatus eq 'Stopped')&$expand=owner%2Cactions(%24select%3Did%2Ctype%2Corigin%2Cstatus%2CcreatedDate%2Cdescription%3B%24expand%3DcreatedBy)%2CcustomFieldValues(%24expand%3Ditems)%2Cclients(%24expand%3Dorganization)&$orderby=createdDate asc&$top=100&$skip=0
[sync-movidesk] Sincronização incremental: 0 chamado(s) atualizados.
(node:30512) [DEP0169] DeprecationWarning: `url.parse()` behavior is not standardized and prone to errors that have security implications. Use the WHATWG URL API instead. CVEs are not issued for `url.parse()` vulnerabilities.
(Use `node --trace-deprecation ...` to show where the warning was created)
Execucao finalizada em 07/08/2026 15:29:56 (exit code 0)
============================================
Execucao iniciada em 07/08/2026 15:31:15
[07/08/2026, 15:31:16] Iniciando sync-movidesk.js (modo: incremental)
🔍 Incremental sync desde: 2026-08-07T20:27:26Z
Filtro Movidesk: baseStatus ne 'Resolved' and baseStatus ne 'Closed' and baseStatus ne 'Canceled' and ((ownerTeam eq 'VIASOFT - Sistemas Internos')) and customFieldValues/any(cfv: cfv/customFieldId eq 23946 and cfv/items/any(i: i/customFieldItem eq 'Suporte Técnico')) and lastUpdate gt 2026-08-07T20:27:26Z
Movidesk URL [/ | skip=0]: https://api.movidesk.com/public/v1/tickets?token=7cfc09fb-51fb-4708-b2dc-2b4a4535674e&$select=id%2Csubject%2Cstatus%2CbaseStatus%2CcreatedDate%2ClastActionDate%2ClastUpdate%2CserviceFirstLevelId%2CserviceFirstLevel%2CserviceSecondLevel%2CslaAgreement%2CslaAgreementRule%2CslaSolutionTime%2CslaResponseTime%2CslaSolutionDate%2CslaSolutionDateIsPaused%2CslaResponseDate%2CslaRealResponseDate%2Cjustification%2CownerTeam&$filter=baseStatus ne 'Resolved' and baseStatus ne 'Closed' and baseStatus ne 'Canceled' and ((ownerTeam eq 'VIASOFT - Sistemas Internos')) and customFieldValues/any(cfv: cfv/customFieldId eq 23946 and cfv/items/any(i: i/customFieldItem eq 'Suporte Técnico')) and lastUpdate gt 2026-08-07T20:27:26Z&$expand=owner%2Cactions(%24select%3Did%2Ctype%2Corigin%2Cstatus%2CcreatedDate%2Cdescription%3B%24expand%3DcreatedBy)%2CcustomFieldValues(%24expand%3Ditems)%2Cclients(%24expand%3Dorganization)&$orderby=createdDate asc&$top=100&$skip=0
Filtro Movidesk: baseStatus ne 'Resolved' and baseStatus ne 'Closed' and baseStatus ne 'Canceled' and ((ownerTeam eq 'VIASOFT - Sistemas Internos')) and customFieldValues/any(cfv: cfv/customFieldId eq 23946 and cfv/items/any(i: i/customFieldItem eq 'Suporte Técnico')) and (baseStatus eq 'New' or baseStatus eq 'InAttendance' or baseStatus eq 'Stopped')
Movidesk URL [/ | skip=0]: https://api.movidesk.com/public/v1/tickets?token=7cfc09fb-51fb-4708-b2dc-2b4a4535674e&$select=id%2Csubject%2Cstatus%2CbaseStatus%2CcreatedDate%2ClastActionDate%2ClastUpdate%2CserviceFirstLevelId%2CserviceFirstLevel%2CserviceSecondLevel%2CslaAgreement%2CslaAgreementRule%2CslaSolutionTime%2CslaResponseTime%2CslaSolutionDate%2CslaSolutionDateIsPaused%2CslaResponseDate%2CslaRealResponseDate%2Cjustification%2CownerTeam&$filter=baseStatus ne 'Resolved' and baseStatus ne 'Closed' and baseStatus ne 'Canceled' and ((ownerTeam eq 'VIASOFT - Sistemas Internos')) and customFieldValues/any(cfv: cfv/customFieldId eq 23946 and cfv/items/any(i: i/customFieldItem eq 'Suporte Técnico')) and (baseStatus eq 'New' or baseStatus eq 'InAttendance' or baseStatus eq 'Stopped')&$expand=owner%2Cactions(%24select%3Did%2Ctype%2Corigin%2Cstatus%2CcreatedDate%2Cdescription%3B%24expand%3DcreatedBy)%2CcustomFieldValues(%24expand%3Ditems)%2Cclients(%24expand%3Dorganization)&$orderby=createdDate asc&$top=100&$skip=0
[sync-movidesk] Sincronização incremental: 0 chamado(s) atualizados.
(node:5764) [DEP0169] DeprecationWarning: `url.parse()` behavior is not standardized and prone to errors that have security implications. Use the WHATWG URL API instead. CVEs are not issued for `url.parse()` vulnerabilities.
(Use `node --trace-deprecation ...` to show where the warning was created)
Execucao finalizada em 07/08/2026 15:31:55 (exit code 0)
============================================
Execucao iniciada em 07/08/2026 15:33:15
[07/08/2026, 15:33:16] Iniciando sync-movidesk.js (modo: incremental)
🔍 Incremental sync desde: 2026-08-07T20:27:26Z
Filtro Movidesk: baseStatus ne 'Resolved' and baseStatus ne 'Closed' and baseStatus ne 'Canceled' and ((ownerTeam eq 'VIASOFT - Sistemas Internos')) and customFieldValues/any(cfv: cfv/customFieldId eq 23946 and cfv/items/any(i: i/customFieldItem eq 'Suporte Técnico')) and lastUpdate gt 2026-08-07T20:27:26Z
Movidesk URL [/ | skip=0]: https://api.movidesk.com/public/v1/tickets?token=7cfc09fb-51fb-4708-b2dc-2b4a4535674e&$select=id%2Csubject%2Cstatus%2CbaseStatus%2CcreatedDate%2ClastActionDate%2ClastUpdate%2CserviceFirstLevelId%2CserviceFirstLevel%2CserviceSecondLevel%2CslaAgreement%2CslaAgreementRule%2CslaSolutionTime%2CslaResponseTime%2CslaSolutionDate%2CslaSolutionDateIsPaused%2CslaResponseDate%2CslaRealResponseDate%2Cjustification%2CownerTeam&$filter=baseStatus ne 'Resolved' and baseStatus ne 'Closed' and baseStatus ne 'Canceled' and ((ownerTeam eq 'VIASOFT - Sistemas Internos')) and customFieldValues/any(cfv: cfv/customFieldId eq 23946 and cfv/items/any(i: i/customFieldItem eq 'Suporte Técnico')) and lastUpdate gt 2026-08-07T20:27:26Z&$expand=owner%2Cactions(%24select%3Did%2Ctype%2Corigin%2Cstatus%2CcreatedDate%2Cdescription%3B%24expand%3DcreatedBy)%2CcustomFieldValues(%24expand%3Ditems)%2Cclients(%24expand%3Dorganization)&$orderby=createdDate asc&$top=100&$skip=0
Filtro Movidesk: baseStatus ne 'Resolved' and baseStatus ne 'Closed' and baseStatus ne 'Canceled' and ((ownerTeam eq 'VIASOFT - Sistemas Internos')) and customFieldValues/any(cfv: cfv/customFieldId eq 23946 and cfv/items/any(i: i/customFieldItem eq 'Suporte Técnico')) and (baseStatus eq 'New' or baseStatus eq 'InAttendance' or baseStatus eq 'Stopped')
Movidesk URL [/ | skip=0]: https://api.movidesk.com/public/v1/tickets?token=7cfc09fb-51fb-4708-b2dc-2b4a4535674e&$select=id%2Csubject%2Cstatus%2CbaseStatus%2CcreatedDate%2ClastActionDate%2ClastUpdate%2CserviceFirstLevelId%2CserviceFirstLevel%2CserviceSecondLevel%2CslaAgreement%2CslaAgreementRule%2CslaSolutionTime%2CslaResponseTime%2CslaSolutionDate%2CslaSolutionDateIsPaused%2CslaResponseDate%2CslaRealResponseDate%2Cjustification%2CownerTeam&$filter=baseStatus ne 'Resolved' and baseStatus ne 'Closed' and baseStatus ne 'Canceled' and ((ownerTeam eq 'VIASOFT - Sistemas Internos')) and customFieldValues/any(cfv: cfv/customFieldId eq 23946 and cfv/items/any(i: i/customFieldItem eq 'Suporte Técnico')) and (baseStatus eq 'New' or baseStatus eq 'InAttendance' or baseStatus eq 'Stopped')&$expand=owner%2Cactions(%24select%3Did%2Ctype%2Corigin%2Cstatus%2CcreatedDate%2Cdescription%3B%24expand%3DcreatedBy)%2CcustomFieldValues(%24expand%3Ditems)%2Cclients(%24expand%3Dorganization)&$orderby=createdDate asc&$top=100&$skip=0
[sync-movidesk] Sincronização incremental: 0 chamado(s) atualizados.
(node:26572) [DEP0169] DeprecationWarning: `url.parse()` behavior is not standardized and prone to errors that have security implications. Use the WHATWG URL API instead. CVEs are not issued for `url.parse()` vulnerabilities.
(Use `node --trace-deprecation ...` to show where the warning was created)
Execucao finalizada em 07/08/2026 15:33:43 (exit code 0)
============================================
Execucao iniciada em 07/08/2026 15:35:15
[07/08/2026, 15:35:16] Iniciando sync-movidesk.js (modo: incremental)
🔍 Incremental sync desde: 2026-08-07T20:27:26Z
Filtro Movidesk: baseStatus ne 'Resolved' and baseStatus ne 'Closed' and baseStatus ne 'Canceled' and ((ownerTeam eq 'VIASOFT - Sistemas Internos')) and customFieldValues/any(cfv: cfv/customFieldId eq 23946 and cfv/items/any(i: i/customFieldItem eq 'Suporte Técnico')) and lastUpdate gt 2026-08-07T20:27:26Z
Movidesk URL [/ | skip=0]: https://api.movidesk.com/public/v1/tickets?token=7cfc09fb-51fb-4708-b2dc-2b4a4535674e&$select=id%2Csubject%2Cstatus%2CbaseStatus%2CcreatedDate%2ClastActionDate%2ClastUpdate%2CserviceFirstLevelId%2CserviceFirstLevel%2CserviceSecondLevel%2CslaAgreement%2CslaAgreementRule%2CslaSolutionTime%2CslaResponseTime%2CslaSolutionDate%2CslaSolutionDateIsPaused%2CslaResponseDate%2CslaRealResponseDate%2Cjustification%2CownerTeam&$filter=baseStatus ne 'Resolved' and baseStatus ne 'Closed' and baseStatus ne 'Canceled' and ((ownerTeam eq 'VIASOFT - Sistemas Internos')) and customFieldValues/any(cfv: cfv/customFieldId eq 23946 and cfv/items/any(i: i/customFieldItem eq 'Suporte Técnico')) and lastUpdate gt 2026-08-07T20:27:26Z&$expand=owner%2Cactions(%24select%3Did%2Ctype%2Corigin%2Cstatus%2CcreatedDate%2Cdescription%3B%24expand%3DcreatedBy)%2CcustomFieldValues(%24expand%3Ditems)%2Cclients(%24expand%3Dorganization)&$orderby=createdDate asc&$top=100&$skip=0
Filtro Movidesk: baseStatus ne 'Resolved' and baseStatus ne 'Closed' and baseStatus ne 'Canceled' and ((ownerTeam eq 'VIASOFT - Sistemas Internos')) and customFieldValues/any(cfv: cfv/customFieldId eq 23946 and cfv/items/any(i: i/customFieldItem eq 'Suporte Técnico')) and (baseStatus eq 'New' or baseStatus eq 'InAttendance' or baseStatus eq 'Stopped')
Movidesk URL [/ | skip=0]: https://api.movidesk.com/public/v1/tickets?token=7cfc09fb-51fb-4708-b2dc-2b4a4535674e&$select=id%2Csubject%2Cstatus%2CbaseStatus%2CcreatedDate%2ClastActionDate%2ClastUpdate%2CserviceFirstLevelId%2CserviceFirstLevel%2CserviceSecondLevel%2CslaAgreement%2CslaAgreementRule%2CslaSolutionTime%2CslaResponseTime%2CslaSolutionDate%2CslaSolutionDateIsPaused%2CslaResponseDate%2CslaRealResponseDate%2Cjustification%2CownerTeam&$filter=baseStatus ne 'Resolved' and baseStatus ne 'Closed' and baseStatus ne 'Canceled' and ((ownerTeam eq 'VIASOFT - Sistemas Internos')) and customFieldValues/any(cfv: cfv/customFieldId eq 23946 and cfv/items/any(i: i/customFieldItem eq 'Suporte Técnico')) and (baseStatus eq 'New' or baseStatus eq 'InAttendance' or baseStatus eq 'Stopped')&$expand=owner%2Cactions(%24select%3Did%2Ctype%2Corigin%2Cstatus%2CcreatedDate%2Cdescription%3B%24expand%3DcreatedBy)%2CcustomFieldValues(%24expand%3Ditems)%2Cclients(%24expand%3Dorganization)&$orderby=createdDate asc&$top=100&$skip=0
[sync-movidesk] Sincronização incremental: 0 chamado(s) atualizados.
(node:6544) [DEP0169] DeprecationWarning: `url.parse()` behavior is not standardized and prone to errors that have security implications. Use the WHATWG URL API instead. CVEs are not issued for `url.parse()` vulnerabilities.
(Use `node --trace-deprecation ...` to show where the warning was created)
Execucao finalizada em 07/08/2026 15:35:58 (exit code 0)
============================================
Execucao iniciada em 07/08/2026 15:37:16
[07/08/2026, 15:37:16] Iniciando sync-movidesk.js (modo: incremental)
🔍 Incremental sync desde: 2026-08-07T20:27:26Z
Filtro Movidesk: baseStatus ne 'Resolved' and baseStatus ne 'Closed' and baseStatus ne 'Canceled' and ((ownerTeam eq 'VIASOFT - Sistemas Internos')) and customFieldValues/any(cfv: cfv/customFieldId eq 23946 and cfv/items/any(i: i/customFieldItem eq 'Suporte Técnico')) and lastUpdate gt 2026-08-07T20:27:26Z
Movidesk URL [/ | skip=0]: https://api.movidesk.com/public/v1/tickets?token=7cfc09fb-51fb-4708-b2dc-2b4a4535674e&$select=id%2Csubject%2Cstatus%2CbaseStatus%2CcreatedDate%2ClastActionDate%2ClastUpdate%2CserviceFirstLevelId%2CserviceFirstLevel%2CserviceSecondLevel%2CslaAgreement%2CslaAgreementRule%2CslaSolutionTime%2CslaResponseTime%2CslaSolutionDate%2CslaSolutionDateIsPaused%2CslaResponseDate%2CslaRealResponseDate%2Cjustification%2CownerTeam&$filter=baseStatus ne 'Resolved' and baseStatus ne 'Closed' and baseStatus ne 'Canceled' and ((ownerTeam eq 'VIASOFT - Sistemas Internos')) and customFieldValues/any(cfv: cfv/customFieldId eq 23946 and cfv/items/any(i: i/customFieldItem eq 'Suporte Técnico')) and lastUpdate gt 2026-08-07T20:27:26Z&$expand=owner%2Cactions(%24select%3Did%2Ctype%2Corigin%2Cstatus%2CcreatedDate%2Cdescription%3B%24expand%3DcreatedBy)%2CcustomFieldValues(%24expand%3Ditems)%2Cclients(%24expand%3Dorganization)&$orderby=createdDate asc&$top=100&$skip=0
Filtro Movidesk: baseStatus ne 'Resolved' and baseStatus ne 'Closed' and baseStatus ne 'Canceled' and ((ownerTeam eq 'VIASOFT - Sistemas Internos')) and customFieldValues/any(cfv: cfv/customFieldId eq 23946 and cfv/items/any(i: i/customFieldItem eq 'Suporte Técnico')) and (baseStatus eq 'New' or baseStatus eq 'InAttendance' or baseStatus eq 'Stopped')
Movidesk URL [/ | skip=0]: https://api.movidesk.com/public/v1/tickets?token=7cfc09fb-51fb-4708-b2dc-2b4a4535674e&$select=id%2Csubject%2Cstatus%2CbaseStatus%2CcreatedDate%2ClastActionDate%2ClastUpdate%2CserviceFirstLevelId%2CserviceFirstLevel%2CserviceSecondLevel%2CslaAgreement%2CslaAgreementRule%2CslaSolutionTime%2CslaResponseTime%2CslaSolutionDate%2CslaSolutionDateIsPaused%2CslaResponseDate%2CslaRealResponseDate%2Cjustification%2CownerTeam&$filter=baseStatus ne 'Resolved' and baseStatus ne 'Closed' and baseStatus ne 'Canceled' and ((ownerTeam eq 'VIASOFT - Sistemas Internos')) and customFieldValues/any(cfv: cfv/customFieldId eq 23946 and cfv/items/any(i: i/customFieldItem eq 'Suporte Técnico')) and (baseStatus eq 'New' or baseStatus eq 'InAttendance' or baseStatus eq 'Stopped')&$expand=owner%2Cactions(%24select%3Did%2Ctype%2Corigin%2Cstatus%2CcreatedDate%2Cdescription%3B%24expand%3DcreatedBy)%2CcustomFieldValues(%24expand%3Ditems)%2Cclients(%24expand%3Dorganization)&$orderby=createdDate asc&$top=100&$skip=0
[sync-movidesk] Sincronização incremental: 0 chamado(s) atualizados.
(node:30956) [DEP0169] DeprecationWarning: `url.parse()` behavior is not standardized and prone to errors that have security implications. Use the WHATWG URL API instead. CVEs are not issued for `url.parse()` vulnerabilities.
(Use `node --trace-deprecation ...` to show where the warning was created)
Execucao finalizada em 07/08/2026 15:38:05 (exit code 0)
============================================
Execucao iniciada em 07/08/2026 15:39:16
[07/08/2026, 15:39:16] Iniciando sync-movidesk.js (modo: incremental)
🔍 Incremental sync desde: 2026-08-07T20:27:26Z
Filtro Movidesk: baseStatus ne 'Resolved' and baseStatus ne 'Closed' and baseStatus ne 'Canceled' and ((ownerTeam eq 'VIASOFT - Sistemas Internos')) and customFieldValues/any(cfv: cfv/customFieldId eq 23946 and cfv/items/any(i: i/customFieldItem eq 'Suporte Técnico')) and lastUpdate gt 2026-08-07T20:27:26Z
Movidesk URL [/ | skip=0]: https://api.movidesk.com/public/v1/tickets?token=7cfc09fb-51fb-4708-b2dc-2b4a4535674e&$select=id%2Csubject%2Cstatus%2CbaseStatus%2CcreatedDate%2ClastActionDate%2ClastUpdate%2CserviceFirstLevelId%2CserviceFirstLevel%2CserviceSecondLevel%2CslaAgreement%2CslaAgreementRule%2CslaSolutionTime%2CslaResponseTime%2CslaSolutionDate%2CslaSolutionDateIsPaused%2CslaResponseDate%2CslaRealResponseDate%2Cjustification%2CownerTeam&$filter=baseStatus ne 'Resolved' and baseStatus ne 'Closed' and baseStatus ne 'Canceled' and ((ownerTeam eq 'VIASOFT - Sistemas Internos')) and customFieldValues/any(cfv: cfv/customFieldId eq 23946 and cfv/items/any(i: i/customFieldItem eq 'Suporte Técnico')) and lastUpdate gt 2026-08-07T20:27:26Z&$expand=owner%2Cactions(%24select%3Did%2Ctype%2Corigin%2Cstatus%2CcreatedDate%2Cdescription%3B%24expand%3DcreatedBy)%2CcustomFieldValues(%24expand%3Ditems)%2Cclients(%24expand%3Dorganization)&$orderby=createdDate asc&$top=100&$skip=0
Filtro Movidesk: baseStatus ne 'Resolved' and baseStatus ne 'Closed' and baseStatus ne 'Canceled' and ((ownerTeam eq 'VIASOFT - Sistemas Internos')) and customFieldValues/any(cfv: cfv/customFieldId eq 23946 and cfv/items/any(i: i/customFieldItem eq 'Suporte Técnico')) and (baseStatus eq 'New' or baseStatus eq 'InAttendance' or baseStatus eq 'Stopped')
Movidesk URL [/ | skip=0]: https://api.movidesk.com/public/v1/tickets?token=7cfc09fb-51fb-4708-b2dc-2b4a4535674e&$select=id%2Csubject%2Cstatus%2CbaseStatus%2CcreatedDate%2ClastActionDate%2ClastUpdate%2CserviceFirstLevelId%2CserviceFirstLevel%2CserviceSecondLevel%2CslaAgreement%2CslaAgreementRule%2CslaSolutionTime%2CslaResponseTime%2CslaSolutionDate%2CslaSolutionDateIsPaused%2CslaResponseDate%2CslaRealResponseDate%2Cjustification%2CownerTeam&$filter=baseStatus ne 'Resolved' and baseStatus ne 'Closed' and baseStatus ne 'Canceled' and ((ownerTeam eq 'VIASOFT - Sistemas Internos')) and customFieldValues/any(cfv: cfv/customFieldId eq 23946 and cfv/items/any(i: i/customFieldItem eq 'Suporte Técnico')) and (baseStatus eq 'New' or baseStatus eq 'InAttendance' or baseStatus eq 'Stopped')&$expand=owner%2Cactions(%24select%3Did%2Ctype%2Corigin%2Cstatus%2CcreatedDate%2Cdescription%3B%24expand%3DcreatedBy)%2CcustomFieldValues(%24expand%3Ditems)%2Cclients(%24expand%3Dorganization)&$orderby=createdDate asc&$top=100&$skip=0
[sync-movidesk] Sincronização incremental: 0 chamado(s) atualizados.
(node:8244) [DEP0169] DeprecationWarning: `url.parse()` behavior is not standardized and prone to errors that have security implications. Use the WHATWG URL API instead. CVEs are not issued for `url.parse()` vulnerabilities.
(Use `node --trace-deprecation ...` to show where the warning was created)
Execucao finalizada em 07/08/2026 15:40:02 (exit code 0)
============================================
Execucao iniciada em 07/08/2026 15:41:16
[07/08/2026, 15:41:16] Iniciando sync-movidesk.js (modo: incremental)
🔍 Incremental sync desde: 2026-08-07T20:27:26Z
Filtro Movidesk: baseStatus ne 'Resolved' and baseStatus ne 'Closed' and baseStatus ne 'Canceled' and ((ownerTeam eq 'VIASOFT - Sistemas Internos')) and customFieldValues/any(cfv: cfv/customFieldId eq 23946 and cfv/items/any(i: i/customFieldItem eq 'Suporte Técnico')) and lastUpdate gt 2026-08-07T20:27:26Z
Movidesk URL [/ | skip=0]: https://api.movidesk.com/public/v1/tickets?token=7cfc09fb-51fb-4708-b2dc-2b4a4535674e&$select=id%2Csubject%2Cstatus%2CbaseStatus%2CcreatedDate%2ClastActionDate%2ClastUpdate%2CserviceFirstLevelId%2CserviceFirstLevel%2CserviceSecondLevel%2CslaAgreement%2CslaAgreementRule%2CslaSolutionTime%2CslaResponseTime%2CslaSolutionDate%2CslaSolutionDateIsPaused%2CslaResponseDate%2CslaRealResponseDate%2Cjustification%2CownerTeam&$filter=baseStatus ne 'Resolved' and baseStatus ne 'Closed' and baseStatus ne 'Canceled' and ((ownerTeam eq 'VIASOFT - Sistemas Internos')) and customFieldValues/any(cfv: cfv/customFieldId eq 23946 and cfv/items/any(i: i/customFieldItem eq 'Suporte Técnico')) and lastUpdate gt 2026-08-07T20:27:26Z&$expand=owner%2Cactions(%24select%3Did%2Ctype%2Corigin%2Cstatus%2CcreatedDate%2Cdescription%3B%24expand%3DcreatedBy)%2CcustomFieldValues(%24expand%3Ditems)%2Cclients(%24expand%3Dorganization)&$orderby=createdDate asc&$top=100&$skip=0
Filtro Movidesk: baseStatus ne 'Resolved' and baseStatus ne 'Closed' and baseStatus ne 'Canceled' and ((ownerTeam eq 'VIASOFT - Sistemas Internos')) and customFieldValues/any(cfv: cfv/customFieldId eq 23946 and cfv/items/any(i: i/customFieldItem eq 'Suporte Técnico')) and (baseStatus eq 'New' or baseStatus eq 'InAttendance' or baseStatus eq 'Stopped')
Movidesk URL [/ | skip=0]: https://api.movidesk.com/public/v1/tickets?token=7cfc09fb-51fb-4708-b2dc-2b4a4535674e&$select=id%2Csubject%2Cstatus%2CbaseStatus%2CcreatedDate%2ClastActionDate%2ClastUpdate%2CserviceFirstLevelId%2CserviceFirstLevel%2CserviceSecondLevel%2CslaAgreement%2CslaAgreementRule%2CslaSolutionTime%2CslaResponseTime%2CslaSolutionDate%2CslaSolutionDateIsPaused%2CslaResponseDate%2CslaRealResponseDate%2Cjustification%2CownerTeam&$filter=baseStatus ne 'Resolved' and baseStatus ne 'Closed' and baseStatus ne 'Canceled' and ((ownerTeam eq 'VIASOFT - Sistemas Internos')) and customFieldValues/any(cfv: cfv/customFieldId eq 23946 and cfv/items/any(i: i/customFieldItem eq 'Suporte Técnico')) and (baseStatus eq 'New' or baseStatus eq 'InAttendance' or baseStatus eq 'Stopped')&$expand=owner%2Cactions(%24select%3Did%2Ctype%2Corigin%2Cstatus%2CcreatedDate%2Cdescription%3B%24expand%3DcreatedBy)%2CcustomFieldValues(%24expand%3Ditems)%2Cclients(%24expand%3Dorganization)&$orderby=createdDate asc&$top=100&$skip=0
[sync-movidesk] Sincronização incremental: 0 chamado(s) atualizados.
(node:5796) [DEP0169] DeprecationWarning: `url.parse()` behavior is not standardized and prone to errors that have security implications. Use the WHATWG URL API instead. CVEs are not issued for `url.parse()` vulnerabilities.
(Use `node --trace-deprecation ...` to show where the warning was created)
Execucao finalizada em 07/08/2026 15:42:02 (exit code 0)
============================================
Execucao iniciada em 07/08/2026 15:43:16
[07/08/2026, 15:43:16] Iniciando sync-movidesk.js (modo: incremental)
🔍 Incremental sync desde: 2026-08-07T20:27:26Z
Filtro Movidesk: baseStatus ne 'Resolved' and baseStatus ne 'Closed' and baseStatus ne 'Canceled' and ((ownerTeam eq 'VIASOFT - Sistemas Internos')) and customFieldValues/any(cfv: cfv/customFieldId eq 23946 and cfv/items/any(i: i/customFieldItem eq 'Suporte Técnico')) and lastUpdate gt 2026-08-07T20:27:26Z
Movidesk URL [/ | skip=0]: https://api.movidesk.com/public/v1/tickets?token=7cfc09fb-51fb-4708-b2dc-2b4a4535674e&$select=id%2Csubject%2Cstatus%2CbaseStatus%2CcreatedDate%2ClastActionDate%2ClastUpdate%2CserviceFirstLevelId%2CserviceFirstLevel%2CserviceSecondLevel%2CslaAgreement%2CslaAgreementRule%2CslaSolutionTime%2CslaResponseTime%2CslaSolutionDate%2CslaSolutionDateIsPaused%2CslaResponseDate%2CslaRealResponseDate%2Cjustification%2CownerTeam&$filter=baseStatus ne 'Resolved' and baseStatus ne 'Closed' and baseStatus ne 'Canceled' and ((ownerTeam eq 'VIASOFT - Sistemas Internos')) and customFieldValues/any(cfv: cfv/customFieldId eq 23946 and cfv/items/any(i: i/customFieldItem eq 'Suporte Técnico')) and lastUpdate gt 2026-08-07T20:27:26Z&$expand=owner%2Cactions(%24select%3Did%2Ctype%2Corigin%2Cstatus%2CcreatedDate%2Cdescription%3B%24expand%3DcreatedBy)%2CcustomFieldValues(%24expand%3Ditems)%2Cclients(%24expand%3Dorganization)&$orderby=createdDate asc&$top=100&$skip=0
Filtro Movidesk: baseStatus ne 'Resolved' and baseStatus ne 'Closed' and baseStatus ne 'Canceled' and ((ownerTeam eq 'VIASOFT - Sistemas Internos')) and customFieldValues/any(cfv: cfv/customFieldId eq 23946 and cfv/items/any(i: i/customFieldItem eq 'Suporte Técnico')) and (baseStatus eq 'New' or baseStatus eq 'InAttendance' or baseStatus eq 'Stopped')
Movidesk URL [/ | skip=0]: https://api.movidesk.com/public/v1/tickets?token=7cfc09fb-51fb-4708-b2dc-2b4a4535674e&$select=id%2Csubject%2Cstatus%2CbaseStatus%2CcreatedDate%2ClastActionDate%2ClastUpdate%2CserviceFirstLevelId%2CserviceFirstLevel%2CserviceSecondLevel%2CslaAgreement%2CslaAgreementRule%2CslaSolutionTime%2CslaResponseTime%2CslaSolutionDate%2CslaSolutionDateIsPaused%2CslaResponseDate%2CslaRealResponseDate%2Cjustification%2CownerTeam&$filter=baseStatus ne 'Resolved' and baseStatus ne 'Closed' and baseStatus ne 'Canceled' and ((ownerTeam eq 'VIASOFT - Sistemas Internos')) and customFieldValues/any(cfv: cfv/customFieldId eq 23946 and cfv/items/any(i: i/customFieldItem eq 'Suporte Técnico')) and (baseStatus eq 'New' or baseStatus eq 'InAttendance' or baseStatus eq 'Stopped')&$expand=owner%2Cactions(%24select%3Did%2Ctype%2Corigin%2Cstatus%2CcreatedDate%2Cdescription%3B%24expand%3DcreatedBy)%2CcustomFieldValues(%24expand%3Ditems)%2Cclients(%24expand%3Dorganization)&$orderby=createdDate asc&$top=100&$skip=0
[sync-movidesk] Sincronização incremental: 0 chamado(s) atualizados.
(node:21824) [DEP0169] DeprecationWarning: `url.parse()` behavior is not standardized and prone to errors that have security implications. Use the WHATWG URL API instead. CVEs are not issued for `url.parse()` vulnerabilities.
(Use `node --trace-deprecation ...` to show where the warning was created)
Execucao finalizada em 07/08/2026 15:43:55 (exit code 0)
============================================
Execucao iniciada em 07/08/2026 15:45:16
[07/08/2026, 15:45:16] Iniciando sync-movidesk.js (modo: incremental)
🔍 Incremental sync desde: 2026-08-07T20:27:26Z
Filtro Movidesk: baseStatus ne 'Resolved' and baseStatus ne 'Closed' and baseStatus ne 'Canceled' and ((ownerTeam eq 'VIASOFT - Sistemas Internos')) and customFieldValues/any(cfv: cfv/customFieldId eq 23946 and cfv/items/any(i: i/customFieldItem eq 'Suporte Técnico')) and lastUpdate gt 2026-08-07T20:27:26Z
Movidesk URL [/ | skip=0]: https://api.movidesk.com/public/v1/tickets?token=7cfc09fb-51fb-4708-b2dc-2b4a4535674e&$select=id%2Csubject%2Cstatus%2CbaseStatus%2CcreatedDate%2ClastActionDate%2ClastUpdate%2CserviceFirstLevelId%2CserviceFirstLevel%2CserviceSecondLevel%2CslaAgreement%2CslaAgreementRule%2CslaSolutionTime%2CslaResponseTime%2CslaSolutionDate%2CslaSolutionDateIsPaused%2CslaResponseDate%2CslaRealResponseDate%2Cjustification%2CownerTeam&$filter=baseStatus ne 'Resolved' and baseStatus ne 'Closed' and baseStatus ne 'Canceled' and ((ownerTeam eq 'VIASOFT - Sistemas Internos')) and customFieldValues/any(cfv: cfv/customFieldId eq 23946 and cfv/items/any(i: i/customFieldItem eq 'Suporte Técnico')) and lastUpdate gt 2026-08-07T20:27:26Z&$expand=owner%2Cactions(%24select%3Did%2Ctype%2Corigin%2Cstatus%2CcreatedDate%2Cdescription%3B%24expand%3DcreatedBy)%2CcustomFieldValues(%24expand%3Ditems)%2Cclients(%24expand%3Dorganization)&$orderby=createdDate asc&$top=100&$skip=0
Filtro Movidesk: baseStatus ne 'Resolved' and baseStatus ne 'Closed' and baseStatus ne 'Canceled' and ((ownerTeam eq 'VIASOFT - Sistemas Internos')) and customFieldValues/any(cfv: cfv/customFieldId eq 23946 and cfv/items/any(i: i/customFieldItem eq 'Suporte Técnico')) and (baseStatus eq 'New' or baseStatus eq 'InAttendance' or baseStatus eq 'Stopped')
Movidesk URL [/ | skip=0]: https://api.movidesk.com/public/v1/tickets?token=7cfc09fb-51fb-4708-b2dc-2b4a4535674e&$select=id%2Csubject%2Cstatus%2CbaseStatus%2CcreatedDate%2ClastActionDate%2ClastUpdate%2CserviceFirstLevelId%2CserviceFirstLevel%2CserviceSecondLevel%2CslaAgreement%2CslaAgreementRule%2CslaSolutionTime%2CslaResponseTime%2CslaSolutionDate%2CslaSolutionDateIsPaused%2CslaResponseDate%2CslaRealResponseDate%2Cjustification%2CownerTeam&$filter=baseStatus ne 'Resolved' and baseStatus ne 'Closed' and baseStatus ne 'Canceled' and ((ownerTeam eq 'VIASOFT - Sistemas Internos')) and customFieldValues/any(cfv: cfv/customFieldId eq 23946 and cfv/items/any(i: i/customFieldItem eq 'Suporte Técnico')) and (baseStatus eq 'New' or baseStatus eq 'InAttendance' or baseStatus eq 'Stopped')&$expand=owner%2Cactions(%24select%3Did%2Ctype%2Corigin%2Cstatus%2CcreatedDate%2Cdescription%3B%24expand%3DcreatedBy)%2CcustomFieldValues(%24expand%3Ditems)%2Cclients(%24expand%3Dorganization)&$orderby=createdDate asc&$top=100&$skip=0
[sync-movidesk] Sincronização incremental: 0 chamado(s) atualizados.
(node:19992) [DEP0169] DeprecationWarning: `url.parse()` behavior is not standardized and prone to errors that have security implications. Use the WHATWG URL API instead. CVEs are not issued for `url.parse()` vulnerabilities.
(Use `node --trace-deprecation ...` to show where the warning was created)
Execucao finalizada em 07/08/2026 15:46:08 (exit code 0)
============================================
Execucao iniciada em 07/08/2026 15:47:15
[07/08/2026, 15:47:15] Iniciando sync-movidesk.js (modo: incremental)
🔍 Incremental sync desde: 2026-08-07T20:27:26Z
Filtro Movidesk: baseStatus ne 'Resolved' and baseStatus ne 'Closed' and baseStatus ne 'Canceled' and ((ownerTeam eq 'VIASOFT - Sistemas Internos')) and customFieldValues/any(cfv: cfv/customFieldId eq 23946 and cfv/items/any(i: i/customFieldItem eq 'Suporte Técnico')) and lastUpdate gt 2026-08-07T20:27:26Z
Movidesk URL [/ | skip=0]: https://api.movidesk.com/public/v1/tickets?token=7cfc09fb-51fb-4708-b2dc-2b4a4535674e&$select=id%2Csubject%2Cstatus%2CbaseStatus%2CcreatedDate%2ClastActionDate%2ClastUpdate%2CserviceFirstLevelId%2CserviceFirstLevel%2CserviceSecondLevel%2CslaAgreement%2CslaAgreementRule%2CslaSolutionTime%2CslaResponseTime%2CslaSolutionDate%2CslaSolutionDateIsPaused%2CslaResponseDate%2CslaRealResponseDate%2Cjustification%2CownerTeam&$filter=baseStatus ne 'Resolved' and baseStatus ne 'Closed' and baseStatus ne 'Canceled' and ((ownerTeam eq 'VIASOFT - Sistemas Internos')) and customFieldValues/any(cfv: cfv/customFieldId eq 23946 and cfv/items/any(i: i/customFieldItem eq 'Suporte Técnico')) and lastUpdate gt 2026-08-07T20:27:26Z&$expand=owner%2Cactions(%24select%3Did%2Ctype%2Corigin%2Cstatus%2CcreatedDate%2Cdescription%3B%24expand%3DcreatedBy)%2CcustomFieldValues(%24expand%3Ditems)%2Cclients(%24expand%3Dorganization)&$orderby=createdDate asc&$top=100&$skip=0
(node:1896) [DEP0169] DeprecationWarning: `url.parse()` behavior is not standardized and prone to errors that have security implications. Use the WHATWG URL API instead. CVEs are not issued for `url.parse()` vulnerabilities.
(Use `node --trace-deprecation ...` to show where the warning was created)
Execucao finalizada em 07/08/2026 15:47:20 (exit code -1073741510)
============================================
Execucao iniciada em 07/08/2026 15:49:15
[07/08/2026, 15:49:15] Iniciando sync-movidesk.js (modo: incremental)
🔍 Incremental sync desde: 2026-08-07T20:27:26Z
Filtro Movidesk: baseStatus ne 'Resolved' and baseStatus ne 'Closed' and baseStatus ne 'Canceled' and ((ownerTeam eq 'VIASOFT - Sistemas Internos')) and customFieldValues/any(cfv: cfv/customFieldId eq 23946 and cfv/items/any(i: i/customFieldItem eq 'Suporte Técnico')) and lastUpdate gt 2026-08-07T20:27:26Z
Movidesk URL [/ | skip=0]: https://api.movidesk.com/public/v1/tickets?token=7cfc09fb-51fb-4708-b2dc-2b4a4535674e&$select=id%2Csubject%2Cstatus%2CbaseStatus%2CcreatedDate%2ClastActionDate%2ClastUpdate%2CserviceFirstLevelId%2CserviceFirstLevel%2CserviceSecondLevel%2CslaAgreement%2CslaAgreementRule%2CslaSolutionTime%2CslaResponseTime%2CslaSolutionDate%2CslaSolutionDateIsPaused%2CslaResponseDate%2CslaRealResponseDate%2Cjustification%2CownerTeam&$filter=baseStatus ne 'Resolved' and baseStatus ne 'Closed' and baseStatus ne 'Canceled' and ((ownerTeam eq 'VIASOFT - Sistemas Internos')) and customFieldValues/any(cfv: cfv/customFieldId eq 23946 and cfv/items/any(i: i/customFieldItem eq 'Suporte Técnico')) and lastUpdate gt 2026-08-07T20:27:26Z&$expand=owner%2Cactions(%24select%3Did%2Ctype%2Corigin%2Cstatus%2CcreatedDate%2Cdescription%3B%24expand%3DcreatedBy)%2CcustomFieldValues(%24expand%3Ditems)%2Cclients(%24expand%3Dorganization)&$orderby=createdDate asc&$top=100&$skip=0
(node:26768) [DEP0169] DeprecationWarning: `url.parse()` behavior is not standardized and prone to errors that have security implications. Use the WHATWG URL API instead. CVEs are not issued for `url.parse()` vulnerabilities.
(Use `node --trace-deprecation ...` to show where the warning was created)
Execucao finalizada em 07/08/2026 15:49:17 (exit code -1073741510)
============================================
Execucao iniciada em 07/08/2026 15:51:15
[07/08/2026, 15:51:15] Iniciando sync-movidesk.js (modo: incremental)
🔍 Incremental sync desde: 2026-08-07T20:27:26Z
Filtro Movidesk: baseStatus ne 'Resolved' and baseStatus ne 'Closed' and baseStatus ne 'Canceled' and ((ownerTeam eq 'VIASOFT - Sistemas Internos')) and customFieldValues/any(cfv: cfv/customFieldId eq 23946 and cfv/items/any(i: i/customFieldItem eq 'Suporte Técnico')) and lastUpdate gt 2026-08-07T20:27:26Z
Movidesk URL [/ | skip=0]: https://api.movidesk.com/public/v1/tickets?token=7cfc09fb-51fb-4708-b2dc-2b4a4535674e&$select=id%2Csubject%2Cstatus%2CbaseStatus%2CcreatedDate%2ClastActionDate%2ClastUpdate%2CserviceFirstLevelId%2CserviceFirstLevel%2CserviceSecondLevel%2CslaAgreement%2CslaAgreementRule%2CslaSolutionTime%2CslaResponseTime%2CslaSolutionDate%2CslaSolutionDateIsPaused%2CslaResponseDate%2CslaRealResponseDate%2Cjustification%2CownerTeam&$filter=baseStatus ne 'Resolved' and baseStatus ne 'Closed' and baseStatus ne 'Canceled' and ((ownerTeam eq 'VIASOFT - Sistemas Internos')) and customFieldValues/any(cfv: cfv/customFieldId eq 23946 and cfv/items/any(i: i/customFieldItem eq 'Suporte Técnico')) and lastUpdate gt 2026-08-07T20:27:26Z&$expand=owner%2Cactions(%24select%3Did%2Ctype%2Corigin%2Cstatus%2CcreatedDate%2Cdescription%3B%24expand%3DcreatedBy)%2CcustomFieldValues(%24expand%3Ditems)%2Cclients(%24expand%3Dorganization)&$orderby=createdDate asc&$top=100&$skip=0
(node:5500) [DEP0169] DeprecationWarning: `url.parse()` behavior is not standardized and prone to errors that have security implications. Use the WHATWG URL API instead. CVEs are not issued for `url.parse()` vulnerabilities.
(Use `node --trace-deprecation ...` to show where the warning was created)
Execucao finalizada em 07/08/2026 15:51:17 (exit code -1073741510)
============================================
Execucao iniciada em 07/08/2026 15:53:15
[07/08/2026, 15:53:15] Iniciando sync-movidesk.js (modo: incremental)
🔍 Incremental sync desde: 2026-08-07T20:27:26Z
Filtro Movidesk: baseStatus ne 'Resolved' and baseStatus ne 'Closed' and baseStatus ne 'Canceled' and ((ownerTeam eq 'VIASOFT - Sistemas Internos')) and customFieldValues/any(cfv: cfv/customFieldId eq 23946 and cfv/items/any(i: i/customFieldItem eq 'Suporte Técnico')) and lastUpdate gt 2026-08-07T20:27:26Z
Movidesk URL [/ | skip=0]: https://api.movidesk.com/public/v1/tickets?token=7cfc09fb-51fb-4708-b2dc-2b4a4535674e&$select=id%2Csubject%2Cstatus%2CbaseStatus%2CcreatedDate%2ClastActionDate%2ClastUpdate%2CserviceFirstLevelId%2CserviceFirstLevel%2CserviceSecondLevel%2CslaAgreement%2CslaAgreementRule%2CslaSolutionTime%2CslaResponseTime%2CslaSolutionDate%2CslaSolutionDateIsPaused%2CslaResponseDate%2CslaRealResponseDate%2Cjustification%2CownerTeam&$filter=baseStatus ne 'Resolved' and baseStatus ne 'Closed' and baseStatus ne 'Canceled' and ((ownerTeam eq 'VIASOFT - Sistemas Internos')) and customFieldValues/any(cfv: cfv/customFieldId eq 23946 and cfv/items/any(i: i/customFieldItem eq 'Suporte Técnico')) and lastUpdate gt 2026-08-07T20:27:26Z&$expand=owner%2Cactions(%24select%3Did%2Ctype%2Corigin%2Cstatus%2CcreatedDate%2Cdescription%3B%24expand%3DcreatedBy)%2CcustomFieldValues(%24expand%3Ditems)%2Cclients(%24expand%3Dorganization)&$orderby=createdDate asc&$top=100&$skip=0
Filtro Movidesk: baseStatus ne 'Resolved' and baseStatus ne 'Closed' and baseStatus ne 'Canceled' and ((ownerTeam eq 'VIASOFT - Sistemas Internos')) and customFieldValues/any(cfv: cfv/customFieldId eq 23946 and cfv/items/any(i: i/customFieldItem eq 'Suporte Técnico')) and (baseStatus eq 'New' or baseStatus eq 'InAttendance' or baseStatus eq 'Stopped')
Movidesk URL [/ | skip=0]: https://api.movidesk.com/public/v1/tickets?token=7cfc09fb-51fb-4708-b2dc-2b4a4535674e&$select=id%2Csubject%2Cstatus%2CbaseStatus%2CcreatedDate%2ClastActionDate%2ClastUpdate%2CserviceFirstLevelId%2CserviceFirstLevel%2CserviceSecondLevel%2CslaAgreement%2CslaAgreementRule%2CslaSolutionTime%2CslaResponseTime%2CslaSolutionDate%2CslaSolutionDateIsPaused%2CslaResponseDate%2CslaRealResponseDate%2Cjustification%2CownerTeam&$filter=baseStatus ne 'Resolved' and baseStatus ne 'Closed' and baseStatus ne 'Canceled' and ((ownerTeam eq 'VIASOFT - Sistemas Internos')) and customFieldValues/any(cfv: cfv/customFieldId eq 23946 and cfv/items/any(i: i/customFieldItem eq 'Suporte Técnico')) and (baseStatus eq 'New' or baseStatus eq 'InAttendance' or baseStatus eq 'Stopped')&$expand=owner%2Cactions(%24select%3Did%2Ctype%2Corigin%2Cstatus%2CcreatedDate%2Cdescription%3B%24expand%3DcreatedBy)%2CcustomFieldValues(%24expand%3Ditems)%2Cclients(%24expand%3Dorganization)&$orderby=createdDate asc&$top=100&$skip=0
[sync-movidesk] Sincronização incremental: 0 chamado(s) atualizados.
(node:15556) [DEP0169] DeprecationWarning: `url.parse()` behavior is not standardized and prone to errors that have security implications. Use the WHATWG URL API instead. CVEs are not issued for `url.parse()` vulnerabilities.
(Use `node --trace-deprecation ...` to show where the warning was created)
Execucao finalizada em 07/08/2026 15:53:51 (exit code 0)
============================================
Execucao iniciada em 07/08/2026 15:55:15
[07/08/2026, 15:55:15] Iniciando sync-movidesk.js (modo: incremental)
🔍 Incremental sync desde: 2026-08-07T20:27:26Z
Filtro Movidesk: baseStatus ne 'Resolved' and baseStatus ne 'Closed' and baseStatus ne 'Canceled' and ((ownerTeam eq 'VIASOFT - Sistemas Internos')) and customFieldValues/any(cfv: cfv/customFieldId eq 23946 and cfv/items/any(i: i/customFieldItem eq 'Suporte Técnico')) and lastUpdate gt 2026-08-07T20:27:26Z
Movidesk URL [/ | skip=0]: https://api.movidesk.com/public/v1/tickets?token=7cfc09fb-51fb-4708-b2dc-2b4a4535674e&$select=id%2Csubject%2Cstatus%2CbaseStatus%2CcreatedDate%2ClastActionDate%2ClastUpdate%2CserviceFirstLevelId%2CserviceFirstLevel%2CserviceSecondLevel%2CslaAgreement%2CslaAgreementRule%2CslaSolutionTime%2CslaResponseTime%2CslaSolutionDate%2CslaSolutionDateIsPaused%2CslaResponseDate%2CslaRealResponseDate%2Cjustification%2CownerTeam&$filter=baseStatus ne 'Resolved' and baseStatus ne 'Closed' and baseStatus ne 'Canceled' and ((ownerTeam eq 'VIASOFT - Sistemas Internos')) and customFieldValues/any(cfv: cfv/customFieldId eq 23946 and cfv/items/any(i: i/customFieldItem eq 'Suporte Técnico')) and lastUpdate gt 2026-08-07T20:27:26Z&$expand=owner%2Cactions(%24select%3Did%2Ctype%2Corigin%2Cstatus%2CcreatedDate%2Cdescription%3B%24expand%3DcreatedBy)%2CcustomFieldValues(%24expand%3Ditems)%2Cclients(%24expand%3Dorganization)&$orderby=createdDate asc&$top=100&$skip=0
(node:2252) [DEP0169] DeprecationWarning: `url.parse()` behavior is not standardized and prone to errors that have security implications. Use the WHATWG URL API instead. CVEs are not issued for `url.parse()` vulnerabilities.
(Use `node --trace-deprecation ...` to show where the warning was created)
Execucao finalizada em 07/08/2026 15:55:16 (exit code -1073741510)
============================================
Execucao iniciada em 07/08/2026 15:57:15
[07/08/2026, 15:57:15] Iniciando sync-movidesk.js (modo: incremental)
🔍 Incremental sync desde: 2026-08-07T20:27:26Z
Filtro Movidesk: baseStatus ne 'Resolved' and baseStatus ne 'Closed' and baseStatus ne 'Canceled' and ((ownerTeam eq 'VIASOFT - Sistemas Internos')) and customFieldValues/any(cfv: cfv/customFieldId eq 23946 and cfv/items/any(i: i/customFieldItem eq 'Suporte Técnico')) and lastUpdate gt 2026-08-07T20:27:26Z
Movidesk URL [/ | skip=0]: https://api.movidesk.com/public/v1/tickets?token=7cfc09fb-51fb-4708-b2dc-2b4a4535674e&$select=id%2Csubject%2Cstatus%2CbaseStatus%2CcreatedDate%2ClastActionDate%2ClastUpdate%2CserviceFirstLevelId%2CserviceFirstLevel%2CserviceSecondLevel%2CslaAgreement%2CslaAgreementRule%2CslaSolutionTime%2CslaResponseTime%2CslaSolutionDate%2CslaSolutionDateIsPaused%2CslaResponseDate%2CslaRealResponseDate%2Cjustification%2CownerTeam&$filter=baseStatus ne 'Resolved' and baseStatus ne 'Closed' and baseStatus ne 'Canceled' and ((ownerTeam eq 'VIASOFT - Sistemas Internos')) and customFieldValues/any(cfv: cfv/customFieldId eq 23946 and cfv/items/any(i: i/customFieldItem eq 'Suporte Técnico')) and lastUpdate gt 2026-08-07T20:27:26Z&$expand=owner%2Cactions(%24select%3Did%2Ctype%2Corigin%2Cstatus%2CcreatedDate%2Cdescription%3B%24expand%3DcreatedBy)%2CcustomFieldValues(%24expand%3Ditems)%2Cclients(%24expand%3Dorganization)&$orderby=createdDate asc&$top=100&$skip=0
(node:26464) [DEP0169] DeprecationWarning: `url.parse()` behavior is not standardized and prone to errors that have security implications. Use the WHATWG URL API instead. CVEs are not issued for `url.parse()` vulnerabilities.
(Use `node --trace-deprecation ...` to show where the warning was created)
Execucao finalizada em 07/08/2026 15:57:17 (exit code -1073741510)
============================================
Execucao iniciada em 07/08/2026 15:59:15
[07/08/2026, 15:59:15] Iniciando sync-movidesk.js (modo: incremental)
🔍 Incremental sync desde: 2026-08-07T20:27:26Z
Filtro Movidesk: baseStatus ne 'Resolved' and baseStatus ne 'Closed' and baseStatus ne 'Canceled' and ((ownerTeam eq 'VIASOFT - Sistemas Internos')) and customFieldValues/any(cfv: cfv/customFieldId eq 23946 and cfv/items/any(i: i/customFieldItem eq 'Suporte Técnico')) and lastUpdate gt 2026-08-07T20:27:26Z
Movidesk URL [/ | skip=0]: https://api.movidesk.com/public/v1/tickets?token=7cfc09fb-51fb-4708-b2dc-2b4a4535674e&$select=id%2Csubject%2Cstatus%2CbaseStatus%2CcreatedDate%2ClastActionDate%2ClastUpdate%2CserviceFirstLevelId%2CserviceFirstLevel%2CserviceSecondLevel%2CslaAgreement%2CslaAgreementRule%2CslaSolutionTime%2CslaResponseTime%2CslaSolutionDate%2CslaSolutionDateIsPaused%2CslaResponseDate%2CslaRealResponseDate%2Cjustification%2CownerTeam&$filter=baseStatus ne 'Resolved' and baseStatus ne 'Closed' and baseStatus ne 'Canceled' and ((ownerTeam eq 'VIASOFT - Sistemas Internos')) and customFieldValues/any(cfv: cfv/customFieldId eq 23946 and cfv/items/any(i: i/customFieldItem eq 'Suporte Técnico')) and lastUpdate gt 2026-08-07T20:27:26Z&$expand=owner%2Cactions(%24select%3Did%2Ctype%2Corigin%2Cstatus%2CcreatedDate%2Cdescription%3B%24expand%3DcreatedBy)%2CcustomFieldValues(%24expand%3Ditems)%2Cclients(%24expand%3Dorganization)&$orderby=createdDate asc&$top=100&$skip=0
Filtro Movidesk: baseStatus ne 'Resolved' and baseStatus ne 'Closed' and baseStatus ne 'Canceled' and ((ownerTeam eq 'VIASOFT - Sistemas Internos')) and customFieldValues/any(cfv: cfv/customFieldId eq 23946 and cfv/items/any(i: i/customFieldItem eq 'Suporte Técnico')) and (baseStatus eq 'New' or baseStatus eq 'InAttendance' or baseStatus eq 'Stopped')
Movidesk URL [/ | skip=0]: https://api.movidesk.com/public/v1/tickets?token=7cfc09fb-51fb-4708-b2dc-2b4a4535674e&$select=id%2Csubject%2Cstatus%2CbaseStatus%2CcreatedDate%2ClastActionDate%2ClastUpdate%2CserviceFirstLevelId%2CserviceFirstLevel%2CserviceSecondLevel%2CslaAgreement%2CslaAgreementRule%2CslaSolutionTime%2CslaResponseTime%2CslaSolutionDate%2CslaSolutionDateIsPaused%2CslaResponseDate%2CslaRealResponseDate%2Cjustification%2CownerTeam&$filter=baseStatus ne 'Resolved' and baseStatus ne 'Closed' and baseStatus ne 'Canceled' and ((ownerTeam eq 'VIASOFT - Sistemas Internos')) and customFieldValues/any(cfv: cfv/customFieldId eq 23946 and cfv/items/any(i: i/customFieldItem eq 'Suporte Técnico')) and (baseStatus eq 'New' or baseStatus eq 'InAttendance' or baseStatus eq 'Stopped')&$expand=owner%2Cactions(%24select%3Did%2Ctype%2Corigin%2Cstatus%2CcreatedDate%2Cdescription%3B%24expand%3DcreatedBy)%2CcustomFieldValues(%24expand%3Ditems)%2Cclients(%24expand%3Dorganization)&$orderby=createdDate asc&$top=100&$skip=0
[sync-movidesk] Sincronização incremental: 0 chamado(s) atualizados.
(node:17064) [DEP0169] DeprecationWarning: `url.parse()` behavior is not standardized and prone to errors that have security implications. Use the WHATWG URL API instead. CVEs are not issued for `url.parse()` vulnerabilities.
(Use `node --trace-deprecation ...` to show where the warning was created)
Execucao finalizada em 07/08/2026 15:59:59 (exit code 0)
============================================
Execucao iniciada em 07/08/2026 16:01:15
[07/08/2026, 16:01:15] Iniciando sync-movidesk.js (modo: incremental)
🔍 Incremental sync desde: 2026-08-07T20:27:26Z
Filtro Movidesk: baseStatus ne 'Resolved' and baseStatus ne 'Closed' and baseStatus ne 'Canceled' and ((ownerTeam eq 'VIASOFT - Sistemas Internos')) and customFieldValues/any(cfv: cfv/customFieldId eq 23946 and cfv/items/any(i: i/customFieldItem eq 'Suporte Técnico')) and lastUpdate gt 2026-08-07T20:27:26Z
Movidesk URL [/ | skip=0]: https://api.movidesk.com/public/v1/tickets?token=7cfc09fb-51fb-4708-b2dc-2b4a4535674e&$select=id%2Csubject%2Cstatus%2CbaseStatus%2CcreatedDate%2ClastActionDate%2ClastUpdate%2CserviceFirstLevelId%2CserviceFirstLevel%2CserviceSecondLevel%2CslaAgreement%2CslaAgreementRule%2CslaSolutionTime%2CslaResponseTime%2CslaSolutionDate%2CslaSolutionDateIsPaused%2CslaResponseDate%2CslaRealResponseDate%2Cjustification%2CownerTeam&$filter=baseStatus ne 'Resolved' and baseStatus ne 'Closed' and baseStatus ne 'Canceled' and ((ownerTeam eq 'VIASOFT - Sistemas Internos')) and customFieldValues/any(cfv: cfv/customFieldId eq 23946 and cfv/items/any(i: i/customFieldItem eq 'Suporte Técnico')) and lastUpdate gt 2026-08-07T20:27:26Z&$expand=owner%2Cactions(%24select%3Did%2Ctype%2Corigin%2Cstatus%2CcreatedDate%2Cdescription%3B%24expand%3DcreatedBy)%2CcustomFieldValues(%24expand%3Ditems)%2Cclients(%24expand%3Dorganization)&$orderby=createdDate asc&$top=100&$skip=0
(node:25236) [DEP0169] DeprecationWarning: `url.parse()` behavior is not standardized and prone to errors that have security implications. Use the WHATWG URL API instead. CVEs are not issued for `url.parse()` vulnerabilities.
(Use `node --trace-deprecation ...` to show where the warning was created)
Execucao finalizada em 07/08/2026 16:01:16 (exit code -1073741510)
============================================
Execucao iniciada em 07/08/2026 16:03:15
[07/08/2026, 16:03:16] Iniciando sync-movidesk.js (modo: incremental)
🔍 Incremental sync desde: 2026-08-07T20:27:26Z
Filtro Movidesk: baseStatus ne 'Resolved' and baseStatus ne 'Closed' and baseStatus ne 'Canceled' and ((ownerTeam eq 'VIASOFT - Sistemas Internos')) and customFieldValues/any(cfv: cfv/customFieldId eq 23946 and cfv/items/any(i: i/customFieldItem eq 'Suporte Técnico')) and lastUpdate gt 2026-08-07T20:27:26Z
Movidesk URL [/ | skip=0]: https://api.movidesk.com/public/v1/tickets?token=7cfc09fb-51fb-4708-b2dc-2b4a4535674e&$select=id%2Csubject%2Cstatus%2CbaseStatus%2CcreatedDate%2ClastActionDate%2ClastUpdate%2CserviceFirstLevelId%2CserviceFirstLevel%2CserviceSecondLevel%2CslaAgreement%2CslaAgreementRule%2CslaSolutionTime%2CslaResponseTime%2CslaSolutionDate%2CslaSolutionDateIsPaused%2CslaResponseDate%2CslaRealResponseDate%2Cjustification%2CownerTeam&$filter=baseStatus ne 'Resolved' and baseStatus ne 'Closed' and baseStatus ne 'Canceled' and ((ownerTeam eq 'VIASOFT - Sistemas Internos')) and customFieldValues/any(cfv: cfv/customFieldId eq 23946 and cfv/items/any(i: i/customFieldItem eq 'Suporte Técnico')) and lastUpdate gt 2026-08-07T20:27:26Z&$expand=owner%2Cactions(%24select%3Did%2Ctype%2Corigin%2Cstatus%2CcreatedDate%2Cdescription%3B%24expand%3DcreatedBy)%2CcustomFieldValues(%24expand%3Ditems)%2Cclients(%24expand%3Dorganization)&$orderby=createdDate asc&$top=100&$skip=0
Filtro Movidesk: baseStatus ne 'Resolved' and baseStatus ne 'Closed' and baseStatus ne 'Canceled' and ((ownerTeam eq 'VIASOFT - Sistemas Internos')) and customFieldValues/any(cfv: cfv/customFieldId eq 23946 and cfv/items/any(i: i/customFieldItem eq 'Suporte Técnico')) and (baseStatus eq 'New' or baseStatus eq 'InAttendance' or baseStatus eq 'Stopped')
Movidesk URL [/ | skip=0]: https://api.movidesk.com/public/v1/tickets?token=7cfc09fb-51fb-4708-b2dc-2b4a4535674e&$select=id%2Csubject%2Cstatus%2CbaseStatus%2CcreatedDate%2ClastActionDate%2ClastUpdate%2CserviceFirstLevelId%2CserviceFirstLevel%2CserviceSecondLevel%2CslaAgreement%2CslaAgreementRule%2CslaSolutionTime%2CslaResponseTime%2CslaSolutionDate%2CslaSolutionDateIsPaused%2CslaResponseDate%2CslaRealResponseDate%2Cjustification%2CownerTeam&$filter=baseStatus ne 'Resolved' and baseStatus ne 'Closed' and baseStatus ne 'Canceled' and ((ownerTeam eq 'VIASOFT - Sistemas Internos')) and customFieldValues/any(cfv: cfv/customFieldId eq 23946 and cfv/items/any(i: i/customFieldItem eq 'Suporte Técnico')) and (baseStatus eq 'New' or baseStatus eq 'InAttendance' or baseStatus eq 'Stopped')&$expand=owner%2Cactions(%24select%3Did%2Ctype%2Corigin%2Cstatus%2CcreatedDate%2Cdescription%3B%24expand%3DcreatedBy)%2CcustomFieldValues(%24expand%3Ditems)%2Cclients(%24expand%3Dorganization)&$orderby=createdDate asc&$top=100&$skip=0
[sync-movidesk] Sincronização incremental: 0 chamado(s) atualizados.
(node:25172) [DEP0169] DeprecationWarning: `url.parse()` behavior is not standardized and prone to errors that have security implications. Use the WHATWG URL API instead. CVEs are not issued for `url.parse()` vulnerabilities.
(Use `node --trace-deprecation ...` to show where the warning was created)
Execucao finalizada em 07/08/2026 16:04:24 (exit code 0)
============================================
Execucao iniciada em 07/08/2026 16:05:15
[07/08/2026, 16:05:15] Iniciando sync-movidesk.js (modo: incremental)
🔍 Incremental sync desde: 2026-08-07T20:27:26Z
Filtro Movidesk: baseStatus ne 'Resolved' and baseStatus ne 'Closed' and baseStatus ne 'Canceled' and ((ownerTeam eq 'VIASOFT - Sistemas Internos')) and customFieldValues/any(cfv: cfv/customFieldId eq 23946 and cfv/items/any(i: i/customFieldItem eq 'Suporte Técnico')) and lastUpdate gt 2026-08-07T20:27:26Z
Movidesk URL [/ | skip=0]: https://api.movidesk.com/public/v1/tickets?token=7cfc09fb-51fb-4708-b2dc-2b4a4535674e&$select=id%2Csubject%2Cstatus%2CbaseStatus%2CcreatedDate%2ClastActionDate%2ClastUpdate%2CserviceFirstLevelId%2CserviceFirstLevel%2CserviceSecondLevel%2CslaAgreement%2CslaAgreementRule%2CslaSolutionTime%2CslaResponseTime%2CslaSolutionDate%2CslaSolutionDateIsPaused%2CslaResponseDate%2CslaRealResponseDate%2Cjustification%2CownerTeam&$filter=baseStatus ne 'Resolved' and baseStatus ne 'Closed' and baseStatus ne 'Canceled' and ((ownerTeam eq 'VIASOFT - Sistemas Internos')) and customFieldValues/any(cfv: cfv/customFieldId eq 23946 and cfv/items/any(i: i/customFieldItem eq 'Suporte Técnico')) and lastUpdate gt 2026-08-07T20:27:26Z&$expand=owner%2Cactions(%24select%3Did%2Ctype%2Corigin%2Cstatus%2CcreatedDate%2Cdescription%3B%24expand%3DcreatedBy)%2CcustomFieldValues(%24expand%3Ditems)%2Cclients(%24expand%3Dorganization)&$orderby=createdDate asc&$top=100&$skip=0
Filtro Movidesk: baseStatus ne 'Resolved' and baseStatus ne 'Closed' and baseStatus ne 'Canceled' and ((ownerTeam eq 'VIASOFT - Sistemas Internos')) and customFieldValues/any(cfv: cfv/customFieldId eq 23946 and cfv/items/any(i: i/customFieldItem eq 'Suporte Técnico')) and (baseStatus eq 'New' or baseStatus eq 'InAttendance' or baseStatus eq 'Stopped')
Movidesk URL [/ | skip=0]: https://api.movidesk.com/public/v1/tickets?token=7cfc09fb-51fb-4708-b2dc-2b4a4535674e&$select=id%2Csubject%2Cstatus%2CbaseStatus%2CcreatedDate%2ClastActionDate%2ClastUpdate%2CserviceFirstLevelId%2CserviceFirstLevel%2CserviceSecondLevel%2CslaAgreement%2CslaAgreementRule%2CslaSolutionTime%2CslaResponseTime%2CslaSolutionDate%2CslaSolutionDateIsPaused%2CslaResponseDate%2CslaRealResponseDate%2Cjustification%2CownerTeam&$filter=baseStatus ne 'Resolved' and baseStatus ne 'Closed' and baseStatus ne 'Canceled' and ((ownerTeam eq 'VIASOFT - Sistemas Internos')) and customFieldValues/any(cfv: cfv/customFieldId eq 23946 and cfv/items/any(i: i/customFieldItem eq 'Suporte Técnico')) and (baseStatus eq 'New' or baseStatus eq 'InAttendance' or baseStatus eq 'Stopped')&$expand=owner%2Cactions(%24select%3Did%2Ctype%2Corigin%2Cstatus%2CcreatedDate%2Cdescription%3B%24expand%3DcreatedBy)%2CcustomFieldValues(%24expand%3Ditems)%2Cclients(%24expand%3Dorganization)&$orderby=createdDate asc&$top=100&$skip=0
[sync-movidesk] Sincronização incremental: 0 chamado(s) atualizados.
(node:31732) [DEP0169] DeprecationWarning: `url.parse()` behavior is not standardized and prone to errors that have security implications. Use the WHATWG URL API instead. CVEs are not issued for `url.parse()` vulnerabilities.
(Use `node --trace-deprecation ...` to show where the warning was created)
Execucao finalizada em 07/08/2026 16:06:16 (exit code 0)
============================================
Execucao iniciada em 07/08/2026 16:07:15
[07/08/2026, 16:07:15] Iniciando sync-movidesk.js (modo: incremental)
🔍 Incremental sync desde: 2026-08-07T20:27:26Z
Filtro Movidesk: baseStatus ne 'Resolved' and baseStatus ne 'Closed' and baseStatus ne 'Canceled' and ((ownerTeam eq 'VIASOFT - Sistemas Internos')) and customFieldValues/any(cfv: cfv/customFieldId eq 23946 and cfv/items/any(i: i/customFieldItem eq 'Suporte Técnico')) and lastUpdate gt 2026-08-07T20:27:26Z
Movidesk URL [/ | skip=0]: https://api.movidesk.com/public/v1/tickets?token=7cfc09fb-51fb-4708-b2dc-2b4a4535674e&$select=id%2Csubject%2Cstatus%2CbaseStatus%2CcreatedDate%2ClastActionDate%2ClastUpdate%2CserviceFirstLevelId%2CserviceFirstLevel%2CserviceSecondLevel%2CslaAgreement%2CslaAgreementRule%2CslaSolutionTime%2CslaResponseTime%2CslaSolutionDate%2CslaSolutionDateIsPaused%2CslaResponseDate%2CslaRealResponseDate%2Cjustification%2CownerTeam&$filter=baseStatus ne 'Resolved' and baseStatus ne 'Closed' and baseStatus ne 'Canceled' and ((ownerTeam eq 'VIASOFT - Sistemas Internos')) and customFieldValues/any(cfv: cfv/customFieldId eq 23946 and cfv/items/any(i: i/customFieldItem eq 'Suporte Técnico')) and lastUpdate gt 2026-08-07T20:27:26Z&$expand=owner%2Cactions(%24select%3Did%2Ctype%2Corigin%2Cstatus%2CcreatedDate%2Cdescription%3B%24expand%3DcreatedBy)%2CcustomFieldValues(%24expand%3Ditems)%2Cclients(%24expand%3Dorganization)&$orderby=createdDate asc&$top=100&$skip=0
Filtro Movidesk: baseStatus ne 'Resolved' and baseStatus ne 'Closed' and baseStatus ne 'Canceled' and ((ownerTeam eq 'VIASOFT - Sistemas Internos')) and customFieldValues/any(cfv: cfv/customFieldId eq 23946 and cfv/items/any(i: i/customFieldItem eq 'Suporte Técnico')) and (baseStatus eq 'New' or baseStatus eq 'InAttendance' or baseStatus eq 'Stopped')
Movidesk URL [/ | skip=0]: https://api.movidesk.com/public/v1/tickets?token=7cfc09fb-51fb-4708-b2dc-2b4a4535674e&$select=id%2Csubject%2Cstatus%2CbaseStatus%2CcreatedDate%2ClastActionDate%2ClastUpdate%2CserviceFirstLevelId%2CserviceFirstLevel%2CserviceSecondLevel%2CslaAgreement%2CslaAgreementRule%2CslaSolutionTime%2CslaResponseTime%2CslaSolutionDate%2CslaSolutionDateIsPaused%2CslaResponseDate%2CslaRealResponseDate%2Cjustification%2CownerTeam&$filter=baseStatus ne 'Resolved' and baseStatus ne 'Closed' and baseStatus ne 'Canceled' and ((ownerTeam eq 'VIASOFT - Sistemas Internos')) and customFieldValues/any(cfv: cfv/customFieldId eq 23946 and cfv/items/any(i: i/customFieldItem eq 'Suporte Técnico')) and (baseStatus eq 'New' or baseStatus eq 'InAttendance' or baseStatus eq 'Stopped')&$expand=owner%2Cactions(%24select%3Did%2Ctype%2Corigin%2Cstatus%2CcreatedDate%2Cdescription%3B%24expand%3DcreatedBy)%2CcustomFieldValues(%24expand%3Ditems)%2Cclients(%24expand%3Dorganization)&$orderby=createdDate asc&$top=100&$skip=0
[sync-movidesk] Sincronização incremental: 0 chamado(s) atualizados.
(node:12368) [DEP0169] DeprecationWarning: `url.parse()` behavior is not standardized and prone to errors that have security implications. Use the WHATWG URL API instead. CVEs are not issued for `url.parse()` vulnerabilities.
(Use `node --trace-deprecation ...` to show where the warning was created)
Execucao finalizada em 07/08/2026 16:08:02 (exit code 0)
============================================
Execucao iniciada em 07/08/2026 16:09:15
[07/08/2026, 16:09:26] Iniciando sync-movidesk.js (modo: incremental)
🔍 Incremental sync desde: 2026-08-07T20:27:26Z
Filtro Movidesk: baseStatus ne 'Resolved' and baseStatus ne 'Closed' and baseStatus ne 'Canceled' and ((ownerTeam eq 'VIASOFT - Sistemas Internos')) and customFieldValues/any(cfv: cfv/customFieldId eq 23946 and cfv/items/any(i: i/customFieldItem eq 'Suporte Técnico')) and lastUpdate gt 2026-08-07T20:27:26Z
Movidesk URL [/ | skip=0]: https://api.movidesk.com/public/v1/tickets?token=7cfc09fb-51fb-4708-b2dc-2b4a4535674e&$select=id%2Csubject%2Cstatus%2CbaseStatus%2CcreatedDate%2ClastActionDate%2ClastUpdate%2CserviceFirstLevelId%2CserviceFirstLevel%2CserviceSecondLevel%2CslaAgreement%2CslaAgreementRule%2CslaSolutionTime%2CslaResponseTime%2CslaSolutionDate%2CslaSolutionDateIsPaused%2CslaResponseDate%2CslaRealResponseDate%2Cjustification%2CownerTeam&$filter=baseStatus ne 'Resolved' and baseStatus ne 'Closed' and baseStatus ne 'Canceled' and ((ownerTeam eq 'VIASOFT - Sistemas Internos')) and customFieldValues/any(cfv: cfv/customFieldId eq 23946 and cfv/items/any(i: i/customFieldItem eq 'Suporte Técnico')) and lastUpdate gt 2026-08-07T20:27:26Z&$expand=owner%2Cactions(%24select%3Did%2Ctype%2Corigin%2Cstatus%2CcreatedDate%2Cdescription%3B%24expand%3DcreatedBy)%2CcustomFieldValues(%24expand%3Ditems)%2Cclients(%24expand%3Dorganization)&$orderby=createdDate asc&$top=100&$skip=0
Filtro Movidesk: baseStatus ne 'Resolved' and baseStatus ne 'Closed' and baseStatus ne 'Canceled' and ((ownerTeam eq 'VIASOFT - Sistemas Internos')) and customFieldValues/any(cfv: cfv/customFieldId eq 23946 and cfv/items/any(i: i/customFieldItem eq 'Suporte Técnico')) and (baseStatus eq 'New' or baseStatus eq 'InAttendance' or baseStatus eq 'Stopped')
Movidesk URL [/ | skip=0]: https://api.movidesk.com/public/v1/tickets?token=7cfc09fb-51fb-4708-b2dc-2b4a4535674e&$select=id%2Csubject%2Cstatus%2CbaseStatus%2CcreatedDate%2ClastActionDate%2ClastUpdate%2CserviceFirstLevelId%2CserviceFirstLevel%2CserviceSecondLevel%2CslaAgreement%2CslaAgreementRule%2CslaSolutionTime%2CslaResponseTime%2CslaSolutionDate%2CslaSolutionDateIsPaused%2CslaResponseDate%2CslaRealResponseDate%2Cjustification%2CownerTeam&$filter=baseStatus ne 'Resolved' and baseStatus ne 'Closed' and baseStatus ne 'Canceled' and ((ownerTeam eq 'VIASOFT - Sistemas Internos')) and customFieldValues/any(cfv: cfv/customFieldId eq 23946 and cfv/items/any(i: i/customFieldItem eq 'Suporte Técnico')) and (baseStatus eq 'New' or baseStatus eq 'InAttendance' or baseStatus eq 'Stopped')&$expand=owner%2Cactions(%24select%3Did%2Ctype%2Corigin%2Cstatus%2CcreatedDate%2Cdescription%3B%24expand%3DcreatedBy)%2CcustomFieldValues(%24expand%3Ditems)%2Cclients(%24expand%3Dorganization)&$orderby=createdDate asc&$top=100&$skip=0
[sync-movidesk] Sincronização incremental: 0 chamado(s) atualizados.
(node:25576) [DEP0169] DeprecationWarning: `url.parse()` behavior is not standardized and prone to errors that have security implications. Use the WHATWG URL API instead. CVEs are not issued for `url.parse()` vulnerabilities.
(Use `node --trace-deprecation ...` to show where the warning was created)
Execucao finalizada em 07/08/2026 16:10:10 (exit code 0)
============================================
Execucao iniciada em 07/08/2026 16:11:15
[07/08/2026, 16:11:15] Iniciando sync-movidesk.js (modo: incremental)
🔍 Incremental sync desde: 2026-08-07T20:27:26Z
Filtro Movidesk: baseStatus ne 'Resolved' and baseStatus ne 'Closed' and baseStatus ne 'Canceled' and ((ownerTeam eq 'VIASOFT - Sistemas Internos')) and customFieldValues/any(cfv: cfv/customFieldId eq 23946 and cfv/items/any(i: i/customFieldItem eq 'Suporte Técnico')) and lastUpdate gt 2026-08-07T20:27:26Z
Movidesk URL [/ | skip=0]: https://api.movidesk.com/public/v1/tickets?token=7cfc09fb-51fb-4708-b2dc-2b4a4535674e&$select=id%2Csubject%2Cstatus%2CbaseStatus%2CcreatedDate%2ClastActionDate%2ClastUpdate%2CserviceFirstLevelId%2CserviceFirstLevel%2CserviceSecondLevel%2CslaAgreement%2CslaAgreementRule%2CslaSolutionTime%2CslaResponseTime%2CslaSolutionDate%2CslaSolutionDateIsPaused%2CslaResponseDate%2CslaRealResponseDate%2Cjustification%2CownerTeam&$filter=baseStatus ne 'Resolved' and baseStatus ne 'Closed' and baseStatus ne 'Canceled' and ((ownerTeam eq 'VIASOFT - Sistemas Internos')) and customFieldValues/any(cfv: cfv/customFieldId eq 23946 and cfv/items/any(i: i/customFieldItem eq 'Suporte Técnico')) and lastUpdate gt 2026-08-07T20:27:26Z&$expand=owner%2Cactions(%24select%3Did%2Ctype%2Corigin%2Cstatus%2CcreatedDate%2Cdescription%3B%24expand%3DcreatedBy)%2CcustomFieldValues(%24expand%3Ditems)%2Cclients(%24expand%3Dorganization)&$orderby=createdDate asc&$top=100&$skip=0
(node:23520) [DEP0169] DeprecationWarning: `url.parse()` behavior is not standardized and prone to errors that have security implications. Use the WHATWG URL API instead. CVEs are not issued for `url.parse()` vulnerabilities.
(Use `node --trace-deprecation ...` to show where the warning was created)
Execucao finalizada em 07/08/2026 16:11:16 (exit code -1073741510)
============================================
Execucao iniciada em 07/08/2026 16:13:15
[07/08/2026, 16:13:16] Iniciando sync-movidesk.js (modo: incremental)
🔍 Incremental sync desde: 2026-08-07T20:27:26Z
Filtro Movidesk: baseStatus ne 'Resolved' and baseStatus ne 'Closed' and baseStatus ne 'Canceled' and ((ownerTeam eq 'VIASOFT - Sistemas Internos')) and customFieldValues/any(cfv: cfv/customFieldId eq 23946 and cfv/items/any(i: i/customFieldItem eq 'Suporte Técnico')) and lastUpdate gt 2026-08-07T20:27:26Z
Movidesk URL [/ | skip=0]: https://api.movidesk.com/public/v1/tickets?token=7cfc09fb-51fb-4708-b2dc-2b4a4535674e&$select=id%2Csubject%2Cstatus%2CbaseStatus%2CcreatedDate%2ClastActionDate%2ClastUpdate%2CserviceFirstLevelId%2CserviceFirstLevel%2CserviceSecondLevel%2CslaAgreement%2CslaAgreementRule%2CslaSolutionTime%2CslaResponseTime%2CslaSolutionDate%2CslaSolutionDateIsPaused%2CslaResponseDate%2CslaRealResponseDate%2Cjustification%2CownerTeam&$filter=baseStatus ne 'Resolved' and baseStatus ne 'Closed' and baseStatus ne 'Canceled' and ((ownerTeam eq 'VIASOFT - Sistemas Internos')) and customFieldValues/any(cfv: cfv/customFieldId eq 23946 and cfv/items/any(i: i/customFieldItem eq 'Suporte Técnico')) and lastUpdate gt 2026-08-07T20:27:26Z&$expand=owner%2Cactions(%24select%3Did%2Ctype%2Corigin%2Cstatus%2CcreatedDate%2Cdescription%3B%24expand%3DcreatedBy)%2CcustomFieldValues(%24expand%3Ditems)%2Cclients(%24expand%3Dorganization)&$orderby=createdDate asc&$top=100&$skip=0
(node:4324) [DEP0169] DeprecationWarning: `url.parse()` behavior is not standardized and prone to errors that have security implications. Use the WHATWG URL API instead. CVEs are not issued for `url.parse()` vulnerabilities.
(Use `node --trace-deprecation ...` to show where the warning was created)
Execucao finalizada em 07/08/2026 16:13:17 (exit code -1073741510)
============================================
Execucao iniciada em 07/08/2026 16:15:15
[07/08/2026, 16:15:15] Iniciando sync-movidesk.js (modo: incremental)
🔍 Incremental sync desde: 2026-08-07T20:27:26Z
Filtro Movidesk: baseStatus ne 'Resolved' and baseStatus ne 'Closed' and baseStatus ne 'Canceled' and ((ownerTeam eq 'VIASOFT - Sistemas Internos')) and customFieldValues/any(cfv: cfv/customFieldId eq 23946 and cfv/items/any(i: i/customFieldItem eq 'Suporte Técnico')) and lastUpdate gt 2026-08-07T20:27:26Z
Movidesk URL [/ | skip=0]: https://api.movidesk.com/public/v1/tickets?token=7cfc09fb-51fb-4708-b2dc-2b4a4535674e&$select=id%2Csubject%2Cstatus%2CbaseStatus%2CcreatedDate%2ClastActionDate%2ClastUpdate%2CserviceFirstLevelId%2CserviceFirstLevel%2CserviceSecondLevel%2CslaAgreement%2CslaAgreementRule%2CslaSolutionTime%2CslaResponseTime%2CslaSolutionDate%2CslaSolutionDateIsPaused%2CslaResponseDate%2CslaRealResponseDate%2Cjustification%2CownerTeam&$filter=baseStatus ne 'Resolved' and baseStatus ne 'Closed' and baseStatus ne 'Canceled' and ((ownerTeam eq 'VIASOFT - Sistemas Internos')) and customFieldValues/any(cfv: cfv/customFieldId eq 23946 and cfv/items/any(i: i/customFieldItem eq 'Suporte Técnico')) and lastUpdate gt 2026-08-07T20:27:26Z&$expand=owner%2Cactions(%24select%3Did%2Ctype%2Corigin%2Cstatus%2CcreatedDate%2Cdescription%3B%24expand%3DcreatedBy)%2CcustomFieldValues(%24expand%3Ditems)%2Cclients(%24expand%3Dorganization)&$orderby=createdDate asc&$top=100&$skip=0
(node:18560) [DEP0169] DeprecationWarning: `url.parse()` behavior is not standardized and prone to errors that have security implications. Use the WHATWG URL API instead. CVEs are not issued for `url.parse()` vulnerabilities.
(Use `node --trace-deprecation ...` to show where the warning was created)
Execucao finalizada em 07/08/2026 16:15:17 (exit code -1073741510)
============================================
Execucao iniciada em 07/08/2026 16:17:15
[07/08/2026, 16:17:15] Iniciando sync-movidesk.js (modo: incremental)
🔍 Incremental sync desde: 2026-08-07T20:27:26Z
Filtro Movidesk: baseStatus ne 'Resolved' and baseStatus ne 'Closed' and baseStatus ne 'Canceled' and ((ownerTeam eq 'VIASOFT - Sistemas Internos')) and customFieldValues/any(cfv: cfv/customFieldId eq 23946 and cfv/items/any(i: i/customFieldItem eq 'Suporte Técnico')) and lastUpdate gt 2026-08-07T20:27:26Z
Movidesk URL [/ | skip=0]: https://api.movidesk.com/public/v1/tickets?token=7cfc09fb-51fb-4708-b2dc-2b4a4535674e&$select=id%2Csubject%2Cstatus%2CbaseStatus%2CcreatedDate%2ClastActionDate%2ClastUpdate%2CserviceFirstLevelId%2CserviceFirstLevel%2CserviceSecondLevel%2CslaAgreement%2CslaAgreementRule%2CslaSolutionTime%2CslaResponseTime%2CslaSolutionDate%2CslaSolutionDateIsPaused%2CslaResponseDate%2CslaRealResponseDate%2Cjustification%2CownerTeam&$filter=baseStatus ne 'Resolved' and baseStatus ne 'Closed' and baseStatus ne 'Canceled' and ((ownerTeam eq 'VIASOFT - Sistemas Internos')) and customFieldValues/any(cfv: cfv/customFieldId eq 23946 and cfv/items/any(i: i/customFieldItem eq 'Suporte Técnico')) and lastUpdate gt 2026-08-07T20:27:26Z&$expand=owner%2Cactions(%24select%3Did%2Ctype%2Corigin%2Cstatus%2CcreatedDate%2Cdescription%3B%24expand%3DcreatedBy)%2CcustomFieldValues(%24expand%3Ditems)%2Cclients(%24expand%3Dorganization)&$orderby=createdDate asc&$top=100&$skip=0
(node:24428) [DEP0169] DeprecationWarning: `url.parse()` behavior is not standardized and prone to errors that have security implications. Use the WHATWG URL API instead. CVEs are not issued for `url.parse()` vulnerabilities.
(Use `node --trace-deprecation ...` to show where the warning was created)
Execucao finalizada em 07/08/2026 16:17:16 (exit code -1073741510)
